cycle,t_sec,contact_l0,contact_l1,contact_l2,contact_r0,contact_r1,contact_r2,n_contacts,fb_rate_left_hz,fb_rate_right_hz,p9_spikes_left,p9_spikes_right,p9_left_hz,p9_right_hz,p9_left_hz_ema,p9_right_hz_ema,cmd_left,cmd_right,thorax_x_mm,thorax_y_mm,thorax_z_mm,cpg_phase_0,cpg_phase_3,perturbed
0,0.0,1,1,1,1,1,1,6,200.0,200.0,2,2,133.3,133.3,133.33,133.33,0.7407,0.7407,0.6185,-0.0313,1.0776,4.5573,4.5598,0
1,0.015,1,1,1,1,1,1,6,200.0,200.0,3,3,200.0,200.0,142.62,142.62,0.7923,0.7923,0.6782,-0.0212,1.0504,5.6211,5.7108,0
2,0.03,1,0,1,1,1,1,5,140.0,200.0,2,2,133.3,133.3,141.33,141.33,0.7851,0.7851,0.6748,0.0543,0.925,0.3495,0.6065,0
3,0.045,0,1,1,0,1,1,4,140.0,140.0,1,2,66.7,133.3,130.93,140.21,0.7274,0.779,0.7304,0.1597,0.8379,1.3077,1.831,0
4,0.06,0,1,1,1,1,0,4,140.0,140.0,2,3,133.3,200.0,131.26,148.54,0.7292,0.8252,0.8446,0.2398,0.9424,2.2245,3.1178,0
5,0.075,1,1,1,1,0,1,5,200.0,140.0,3,2,200.0,133.3,140.84,146.42,0.7824,0.8135,0.9694,0.2359,0.9945,3.1294,4.4712,0
6,0.09,1,1,1,1,1,1,6,200.0,200.0,3,2,200.0,133.3,149.08,144.6,0.8282,0.8033,1.0581,0.1994,0.9576,4.0607,5.8684,0
7,0.105,1,0,1,1,1,1,5,140.0,200.0,2,3,133.3,200.0,146.88,152.32,0.816,0.8462,1.1893,0.1751,0.8667,5.0427,0.9777,0
8,0.12,1,1,1,0,1,1,5,200.0,140.0,2,3,133.3,200.0,145.0,158.96,0.8055,0.8831,1.2144,0.3478,0.9556,6.0766,2.3234,0
9,0.135,1,0,1,1,1,1,5,140.0,200.0,3,2,200.0,133.3,152.66,155.39,0.8481,0.8633,1.4447,0.4739,0.8545,0.8675,3.6118,0
10,0.15,0,1,1,1,0,1,4,140.0,140.0,2,2,133.3,133.3,149.97,152.32,0.8331,0.8462,1.6201,0.4354,0.998,1.9677,4.8514,0
11,0.165,1,1,1,1,1,1,6,200.0,200.0,2,3,133.3,200.0,147.65,158.96,0.8203,0.8831,1.7076,0.3193,0.9964,3.0825,6.0554,0
12,0.18,1,0,1,1,1,1,5,140.0,200.0,3,2,200.0,133.3,154.94,155.39,0.8608,0.8633,1.953,0.2013,0.9882,4.2051,0.9523,0
13,0.195,1,0,1,0,1,0,3,140.0,80.0,2,2,133.3,133.3,151.93,152.32,0.8441,0.8462,2.0837,0.3266,1.0668,5.3318,2.1163,0
14,0.21,1,1,1,0,1,1,5,200.0,140.0,3,2,200.0,133.3,158.63,149.67,0.8813,0.8315,2.1717,0.4654,1.0492,0.1775,3.2696,0
15,0.225,0,1,0,1,1,1,4,80.0,200.0,3,2,200.0,133.3,164.39,147.4,0.9133,0.8189,2.4188,0.6401,1.0481,1.3074,4.4158,0
16,0.24,0,1,1,1,0,1,4,140.0,140.0,2,3,133.3,200.0,160.06,154.72,0.8892,0.8596,2.5563,0.5032,1.1308,2.4379,5.5572,0
17,0.255,0,1,1,1,0,1,4,140.0,140.0,2,2,133.3,133.3,156.34,151.74,0.8686,0.843,2.7466,0.4116,1.0694,3.5687,0.412,0
18,0.27,1,0,1,0,1,0,3,140.0,80.0,2,2,133.3,133.3,153.14,149.18,0.8508,0.8288,3.0256,0.3502,1.0926,4.6995,1.5478,0
19,0.285,1,0,1,0,1,1,4,140.0,140.0,3,2,200.0,133.3,159.66,146.97,0.887,0.8165,3.1101,0.5029,1.1428,5.8304,2.6819,0
20,0.3,1,0,1,0,1,1,4,140.0,140.0,2,2,133.3,133.3,156.0,145.07,0.8666,0.806,3.2914,0.6537,1.0898,0.6782,3.8151,0
21,0.315,0,1,0,1,0,1,3,80.0,140.0,2,3,133.3,200.0,152.84,152.72,0.8491,0.8485,3.5253,0.6753,1.1399,1.8091,4.9475,0
22,0.33,0,1,1,1,0,1,4,140.0,140.0,1,2,66.7,133.3,140.84,150.02,0.7824,0.8335,3.6408,0.56,1.1395,2.9401,6.0795,0
23,0.345,0,1,1,1,0,1,4,140.0,140.0,2,2,133.3,133.3,139.79,147.7,0.7766,0.8205,3.8808,0.4103,1.11,4.071,0.928,0
24,0.36,1,0,1,0,1,1,4,140.0,140.0,3,2,200.0,133.3,148.18,145.7,0.8232,0.8094,4.0572,0.5175,1.1681,5.202,2.0594,0
25,0.375,1,0,1,0,1,1,4,140.0,140.0,2,2,133.3,133.3,146.11,143.97,0.8117,0.7999,4.1379,0.6523,1.1222,0.0498,3.1907,0
26,0.39,0,1,1,1,0,1,4,140.0,140.0,3,2,200.0,133.3,153.62,142.49,0.8534,0.7916,4.3806,0.8584,1.0933,1.1808,4.3219,0
27,0.405,0,1,1,1,0,1,4,140.0,140.0,2,2,133.3,133.3,150.79,141.22,0.8377,0.7845,4.5252,0.7348,1.1719,2.3117,5.453,0
28,0.42,0,1,1,1,0,1,4,140.0,140.0,2,2,133.3,133.3,148.36,140.12,0.8242,0.7784,4.6777,0.639,1.0935,3.4427,0.3009,0
29,0.435,1,0,1,0,1,1,4,140.0,140.0,3,2,200.0,133.3,155.55,139.17,0.8642,0.7732,4.9807,0.5286,1.1003,4.5737,1.4319,0
30,0.45,1,0,1,0,1,1,4,140.0,140.0,3,1,200.0,66.7,161.74,129.07,0.8986,0.7171,5.0729,0.6793,1.1643,5.7046,2.5629,0
31,0.465,1,0,1,0,1,1,4,140.0,140.0,2,2,133.3,133.3,157.79,129.67,0.8766,0.7204,5.2376,0.8067,1.0814,0.5524,3.6939,0
32,0.48,0,1,0,1,0,1,3,80.0,140.0,1,3,66.7,200.0,145.09,139.46,0.8061,0.7748,5.4738,0.8759,1.1255,1.6834,4.8249,0
33,0.495,0,1,1,1,0,1,4,140.0,140.0,3,3,200.0,200.0,152.74,147.9,0.8486,0.8216,5.5843,0.7592,1.1583,2.8144,5.9559,0
34,0.51,0,1,1,1,0,1,4,140.0,140.0,1,2,66.7,133.3,140.75,145.87,0.782,0.8104,5.804,0.628,1.1117,3.9454,0.8037,0
35,0.525,1,0,1,0,1,1,4,140.0,140.0,2,2,133.3,133.3,139.72,144.12,0.7762,0.8007,6.0145,0.6894,1.158,5.0763,1.9347,0
36,0.54,1,0,1,0,1,1,4,140.0,140.0,3,1,200.0,66.7,148.12,133.33,0.8229,0.7407,6.1008,0.8175,1.1313,6.2073,3.0657,0
37,0.555,1,1,1,1,1,1,6,200.0,200.0,2,3,133.3,200.0,146.06,142.62,0.8114,0.7923,6.3072,1.012,1.0995,1.0551,4.1967,0
38,0.57,0,1,1,1,0,1,4,140.0,140.0,2,3,133.3,200.0,144.28,150.61,0.8016,0.8367,6.4735,0.9116,1.1688,2.1861,5.3276,0
39,0.585,0,1,1,1,1,1,5,140.0,200.0,3,3,200.0,200.0,152.05,157.49,0.8447,0.875,6.6042,0.808,1.1043,3.317,0.1754,0
40,0.6,1,0,1,0,1,1,4,140.0,140.0,3,1,200.0,66.7,158.72,144.84,0.8818,0.8047,6.901,0.6683,1.0935,4.448,1.3064,0
41,0.615,1,0,1,0,1,0,3,140.0,80.0,2,2,133.3,133.3,155.19,143.24,0.8622,0.7958,7.0083,0.8248,1.1705,5.579,2.4374,0
42,0.63,1,1,1,0,1,1,5,200.0,140.0,3,2,200.0,133.3,161.43,141.86,0.8968,0.7881,7.1669,0.9462,1.0767,0.4268,3.5684,0
43,0.645,0,1,0,1,0,1,3,80.0,140.0,1,2,66.7,133.3,148.23,140.67,0.8235,0.7815,7.4221,1.0652,1.1048,1.5577,4.6993,0
44,0.66,0,1,0,1,0,1,3,80.0,140.0,1,3,66.7,200.0,136.87,148.93,0.7604,0.8274,7.5296,0.9348,1.1615,2.6887,5.8303,0
45,0.675,0,1,1,1,1,1,5,140.0,200.0,2,3,133.3,200.0,136.38,156.05,0.7576,0.8669,7.7407,0.8219,1.1003,3.8197,0.6781,0
46,0.69,1,0,1,0,1,0,3,140.0,80.0,2,2,133.3,133.3,135.95,152.88,0.7553,0.8494,7.9735,0.8418,1.1447,4.9507,1.8091,0
47,0.705,1,0,1,0,1,1,4,140.0,140.0,2,2,133.3,133.3,135.59,150.16,0.7533,0.8342,8.0545,0.9717,1.15,6.0816,2.94,0
48,0.72,1,0,1,0,1,1,4,140.0,140.0,3,3,200.0,200.0,144.56,157.1,0.8031,0.8728,8.2528,1.1604,1.1129,0.9294,4.071,0
49,0.735,0,1,1,1,0,1,4,140.0,140.0,2,3,133.3,200.0,143.0,163.08,0.7944,0.906,8.4584,1.1047,1.1606,2.0604,5.202,0
50,0.75,0,1,1,1,0,1,4,140.0,140.0,2,2,133.3,133.3,141.65,158.93,0.7869,0.883,8.5687,0.9882,1.1147,3.1914,0.0498,0
51,0.765,1,1,1,1,1,0,5,200.0,140.0,2,2,133.3,133.3,140.49,155.37,0.7805,0.8632,8.8423,0.835,1.0901,4.3223,1.1808,0
52,0.78,1,0,1,0,1,1,4,140.0,140.0,3,1,200.0,66.7,148.78,143.01,0.8266,0.7945,8.9583,0.9939,1.1773,5.4533,2.3117,0
53,0.795,1,1,1,0,1,1,5,200.0,140.0,2,3,133.3,200.0,146.63,150.95,0.8146,0.8386,9.0934,1.1151,1.0933,0.3011,3.4427,0
54,0.81,0,1,0,1,0,1,3,80.0,140.0,3,2,200.0,133.3,154.06,148.5,0.8559,0.825,9.3627,1.2782,1.1026,1.4321,4.5737,0
55,0.825,0,1,0,1,0,1,3,80.0,140.0,0,2,0.0,133.3,132.6,146.38,0.7367,0.8132,9.4793,1.142,1.1718,2.5631,5.7046,0
56,0.84,0,1,1,1,0,1,4,140.0,140.0,2,3,133.3,200.0,132.71,153.85,0.7373,0.8547,9.6771,1.0455,1.0914,3.694,0.5524,0
57,0.855,1,0,1,0,1,0,3,140.0,80.0,3,1,200.0,66.7,142.08,141.71,0.7893,0.7873,9.9297,1.0247,1.132,4.825,1.6834,0
58,0.87,1,0,1,0,1,1,4,140.0,140.0,2,3,133.3,200.0,140.86,149.83,0.7826,0.8324,10.0087,1.158,1.1616,5.956,2.8144,0
59,0.885,1,1,1,0,1,1,5,200.0,140.0,2,2,133.3,133.3,139.81,147.53,0.7767,0.8196,10.1893,1.3301,1.1079,0.8038,3.9454,0
60,0.9,0,1,0,1,0,1,3,80.0,140.0,1,3,66.7,200.0,129.62,154.84,0.7201,0.8602,10.4145,1.3219,1.1491,1.9347,5.0763,0
61,0.915,0,1,1,1,0,1,4,140.0,140.0,3,2,200.0,133.3,139.43,151.84,0.7746,0.8436,10.527,1.2125,1.1246,3.0657,6.2073,0
62,0.93,1,1,1,1,1,1,6,200.0,200.0,2,3,133.3,200.0,138.58,158.55,0.7699,0.8808,10.7654,1.0652,1.0951,4.1967,1.0551,0
63,0.945,1,0,1,0,1,0,3,140.0,80.0,3,2,200.0,133.3,147.13,155.04,0.8174,0.8613,10.904,1.2061,1.1731,5.3277,2.1861,0
64,0.96,1,1,1,0,1,1,5,200.0,140.0,1,2,66.7,133.3,135.92,152.02,0.7551,0.8445,10.9997,1.335,1.1118,0.1754,3.317,0
65,0.975,0,1,0,1,0,1,3,80.0,140.0,2,2,133.3,133.3,135.56,149.41,0.7531,0.8301,11.2629,1.5294,1.0999,1.3064,4.448,0
66,0.99,0,1,1,1,0,1,4,140.0,140.0,2,2,133.3,133.3,135.25,147.17,0.7514,0.8176,11.3958,1.4063,1.17,2.4374,5.579,0
67,1.005,0,1,1,1,0,1,4,140.0,140.0,3,2,200.0,133.3,144.27,145.25,0.8015,0.8069,11.571,1.3206,1.082,3.5684,0.4268,0
68,1.02,1,0,1,0,1,1,4,140.0,140.0,2,3,133.3,200.0,142.75,152.87,0.793,0.8493,11.8427,1.2616,1.1115,4.6993,1.5577,0
69,1.035,1,0,1,0,1,1,4,140.0,140.0,1,2,66.7,133.3,132.15,150.15,0.7342,0.8342,11.9111,1.4108,1.1706,5.8303,2.6887,0
70,1.05,1,1,1,0,1,1,5,20.0,20.0,0,0,0.0,0.0,113.74,129.24,0.6319,0.718,12.0789,1.5616,1.105,0.6781,3.8197,1
71,1.065,0,1,1,1,0,1,4,20.0,20.0,0,0,0.0,0.0,97.9,111.23,0.5439,0.618,12.2913,1.594,1.146,1.8091,4.9507,1
72,1.08,0,1,1,1,0,1,4,20.0,20.0,1,0,66.7,0.0,93.55,95.74,0.5197,0.5319,12.3778,1.5029,1.1526,2.94,6.0816,1
73,1.095,0,1,1,1,0,1,4,20.0,20.0,0,1,0.0,66.7,80.52,91.69,0.4473,0.5094,12.5623,1.3865,1.1121,4.071,0.9294,1
74,1.11,1,0,1,0,1,0,3,20.0,20.0,1,1,66.7,66.7,78.59,88.2,0.4366,0.49,12.6644,1.4902,1.1742,5.202,2.0604,1
75,1.125,1,1,1,0,1,1,5,20.0,20.0,0,0,0.0,0.0,67.64,75.92,0.3758,0.4218,12.7173,1.5704,1.1515,0.0498,3.1914,1
76,1.14,0,1,1,1,1,1,5,20.0,20.0,0,1,0.0,66.7,58.22,74.63,0.3234,0.4146,12.8714,1.7082,1.1173,1.1808,4.3223,1
77,1.155,0,1,1,1,0,1,4,20.0,20.0,0,0,0.0,0.0,50.11,64.23,0.2784,0.3569,12.9453,1.6353,1.1723,2.3117,5.4533,1
78,1.17,0,1,1,1,1,1,5,20.0,20.0,0,1,0.0,66.7,43.13,64.57,0.2396,0.3587,13.0318,1.6031,1.0999,3.4427,0.3011,1
79,1.185,1,0,1,0,1,0,3,20.0,20.0,0,0,0.0,0.0,37.12,55.58,0.2062,0.3088,13.1508,1.5733,1.1053,4.5737,1.4321,1
80,1.2,1,0,1,0,1,1,4,20.0,20.0,0,0,0.0,0.0,31.95,47.84,0.1775,0.2658,13.1716,1.6439,1.1558,5.7046,2.5631,1
81,1.215,1,1,1,0,1,1,5,20.0,20.0,0,0,0.0,0.0,27.5,41.17,0.1528,0.2287,13.2306,1.7033,1.0797,0.5524,3.694,1
82,1.23,0,1,1,1,0,1,4,20.0,20.0,0,0,0.0,0.0,23.67,35.44,0.1315,0.1969,13.312,1.73,1.1191,1.6834,4.825,1
83,1.245,0,1,1,1,0,1,4,20.0,20.0,0,1,0.0,66.7,20.37,39.79,0.1132,0.221,13.3458,1.7053,1.133,2.8144,5.956,1
84,1.26,1,1,1,1,1,1,6,20.0,20.0,0,1,0.0,66.7,17.54,43.53,0.0974,0.2418,13.3835,1.6695,1.0522,3.9454,0.8038,1
85,1.275,1,0,1,0,1,1,4,20.0,20.0,0,0,0.0,0.0,15.09,37.47,0.0839,0.2082,13.4214,1.698,1.1064,5.0763,1.9347,1
86,1.29,1,1,1,1,1,1,6,20.0,20.0,0,1,0.0,66.7,12.99,41.54,0.0722,0.2308,13.4351,1.7365,1.1207,6.2073,3.0657,1
87,1.305,1,1,1,0,1,1,5,20.0,20.0,0,0,0.0,0.0,11.18,35.75,0.0621,0.1986,13.4751,1.779,1.0721,1.0551,4.1967,1
88,1.32,1,1,1,1,0,1,5,20.0,20.0,0,0,0.0,0.0,9.62,30.77,0.0535,0.1709,13.5165,1.7832,1.0965,2.1861,5.3277,1
89,1.335,1,1,1,1,1,1,6,20.0,20.0,0,0,0.0,0.0,8.28,26.48,0.046,0.1471,13.5385,1.7658,1.0662,3.317,0.1754,1
90,1.35,1,1,1,0,1,1,5,20.0,20.0,1,0,66.7,0.0,16.42,22.8,0.0912,0.1266,13.5548,1.7535,1.0293,4.448,1.3064,1
91,1.365,1,1,1,1,1,1,6,20.0,20.0,0,0,0.0,0.0,14.13,19.62,0.0785,0.109,13.569,1.7798,1.0611,5.579,2.4374,1
92,1.38,1,1,1,1,1,1,6,20.0,20.0,0,1,0.0,66.7,12.16,26.17,0.0676,0.1454,13.5838,1.8043,1.0371,0.4268,3.5684,1
93,1.395,1,1,0,1,1,1,5,20.0,20.0,0,0,0.0,0.0,10.47,22.53,0.0582,0.1252,13.6121,1.811,1.0382,1.5577,4.6993,1
94,1.41,0,1,1,1,0,1,4,20.0,20.0,0,0,0.0,0.0,9.01,19.39,0.0501,0.1077,13.6294,1.8086,1.0394,2.6887,5.8303,1
95,1.425,1,1,1,1,1,1,6,20.0,20.0,0,0,0.0,0.0,7.75,16.69,0.0431,0.0927,13.6328,1.7913,0.9909,3.8197,0.6781,1
96,1.44,1,1,1,1,1,1,6,20.0,20.0,0,0,0.0,0.0,6.67,14.36,0.0371,0.0798,13.6445,1.8054,1.01,4.9507,1.8091,1
97,1.455,1,1,1,1,1,1,6,20.0,20.0,0,0,0.0,0.0,5.74,12.36,0.0319,0.0687,13.6566,1.8176,1.0092,6.0816,2.94,1
98,1.47,1,1,1,1,1,1,6,20.0,20.0,1,0,66.7,0.0,14.23,10.64,0.0791,0.0591,13.6574,1.8273,0.9837,0.9294,4.071,1
99,1.485,1,1,1,1,1,1,6,20.0,20.0,0,0,0.0,0.0,12.25,9.16,0.068,0.0509,13.6729,1.8278,1.0005,2.0604,5.202,1
100,1.5,1,1,1,1,1,1,6,20.0,20.0,0,0,0.0,0.0,10.54,7.88,0.0586,0.0438,13.6838,1.8187,0.9895,3.1914,0.0498,1
101,1.515,1,1,1,1,1,1,6,20.0,20.0,0,0,0.0,0.0,9.07,6.79,0.0504,0.0377,13.6812,1.8134,0.9664,4.3223,1.1808,1
102,1.53,1,1,1,1,1,1,6,20.0,20.0,0,0,0.0,0.0,7.81,5.84,0.0434,0.0324,13.6891,1.8223,0.9791,5.4533,2.3117,1
103,1.545,1,1,1,1,1,1,6,20.0,20.0,0,0,0.0,0.0,6.72,5.03,0.0373,0.0279,13.6929,1.8287,0.968,0.3011,3.4427,1
104,1.56,1,1,1,1,1,1,6,20.0,20.0,0,1,0.0,66.7,5.79,13.61,0.0321,0.0756,13.6917,1.83,0.9627,1.4321,4.5737,1
105,1.575,1,1,1,1,1,1,6,20.0,20.0,0,0,0.0,0.0,4.98,11.72,0.0277,0.0651,13.7007,1.8266,0.9672,2.5631,5.7046,1
106,1.59,1,1,1,1,1,1,6,20.0,20.0,0,2,0.0,133.3,4.29,28.66,0.0238,0.1592,13.7026,1.8177,0.9494,3.694,0.5524,1
107,1.605,1,1,1,1,1,1,6,20.0,20.0,0,0,0.0,0.0,3.69,24.67,0.0205,0.137,13.6926,1.8248,0.9604,4.825,1.6834,1
108,1.62,1,1,1,1,1,1,6,20.0,20.0,0,0,0.0,0.0,3.18,21.23,0.0176,0.1179,13.703,1.8345,0.9643,5.956,2.8144,1
109,1.635,1,1,1,1,1,1,6,20.0,20.0,1,1,66.7,66.7,12.02,27.56,0.0668,0.1531,13.707,1.8339,0.9506,0.8038,3.9454,1
110,1.65,1,1,1,1,1,1,6,20.0,20.0,0,0,0.0,0.0,10.34,23.72,0.0575,0.1318,13.7304,1.8466,0.9609,1.9347,5.0763,1
111,1.665,1,1,1,1,1,1,6,20.0,20.0,0,0,0.0,0.0,8.9,20.42,0.0495,0.1134,13.7421,1.8319,0.948,3.0657,6.2073,1
112,1.68,1,1,1,1,1,1,6,20.0,20.0,0,0,0.0,0.0,7.66,17.57,0.0426,0.0976,13.7254,1.8185,0.9271,4.1967,1.0551,1
113,1.695,1,1,1,1,1,1,6,20.0,20.0,0,0,0.0,0.0,6.6,15.12,0.0366,0.084,13.7338,1.8358,0.957,5.3277,2.1861,1
114,1.71,1,1,1,1,1,1,6,20.0,20.0,0,0,0.0,0.0,5.68,13.02,0.0315,0.0723,13.7478,1.8423,0.9486,0.1754,3.317,1
115,1.725,1,1,1,1,1,1,6,20.0,20.0,0,0,0.0,0.0,4.89,11.2,0.0271,0.0622,13.7495,1.8398,0.9416,1.3064,4.448,1
116,1.74,1,1,1,1,1,1,6,20.0,20.0,0,0,0.0,0.0,4.21,9.64,0.0234,0.0536,13.7619,1.8407,0.9489,2.4374,5.579,1
117,1.755,1,1,1,1,1,1,6,20.0,20.0,0,0,0.0,0.0,3.62,8.3,0.0201,0.0461,13.7632,1.8266,0.9381,3.5684,0.4268,1
118,1.77,1,1,1,1,1,1,6,20.0,20.0,0,0,0.0,0.0,3.12,7.14,0.0173,0.0397,13.752,1.8301,0.9422,4.6993,1.5577,1
119,1.785,1,1,1,1,1,1,6,20.0,20.0,0,0,0.0,0.0,2.68,6.15,0.0149,0.0342,13.7575,1.837,0.9459,5.8303,2.6887,1
120,1.8,1,1,1,1,1,1,6,20.0,20.0,0,0,0.0,0.0,2.31,5.29,0.0128,0.0294,13.7581,1.8371,0.9399,0.6781,3.8197,1
121,1.815,1,1,1,1,1,1,6,20.0,20.0,0,1,0.0,66.7,1.99,13.84,0.011,0.0769,13.7615,1.8383,0.9478,1.8091,4.9507,1
122,1.83,1,1,1,1,1,1,6,20.0,20.0,0,0,0.0,0.0,1.71,11.91,0.0095,0.0662,13.7672,1.8332,0.942,2.94,6.0816,1
123,1.845,1,1,1,1,1,1,6,20.0,20.0,0,0,0.0,0.0,1.47,10.25,0.0082,0.057,13.7581,1.8248,0.9317,4.071,0.9294,1
124,1.86,1,1,1,1,1,1,6,20.0,20.0,0,1,0.0,66.7,1.27,18.11,0.007,0.1006,13.7491,1.8341,0.9495,5.202,2.0604,1
125,1.875,1,1,1,1,1,1,6,20.0,20.0,0,0,0.0,0.0,1.09,15.59,0.0061,0.0866,13.7579,1.8385,0.9484,0.0498,3.1914,1
126,1.89,1,1,1,1,1,1,6,20.0,20.0,0,1,0.0,66.7,0.94,22.7,0.0052,0.1261,13.7634,1.8368,0.9437,1.1808,4.3223,1
127,1.905,1,1,1,1,1,1,6,20.0,20.0,0,0,0.0,0.0,0.81,19.54,0.0045,0.1086,13.7711,1.8405,0.9515,2.3117,5.4533,1
128,1.92,1,1,1,1,1,1,6,20.0,20.0,0,0,0.0,0.0,0.7,16.82,0.0039,0.0934,13.771,1.8251,0.9397,3.4427,0.3011,1
129,1.935,1,1,1,1,1,1,6,20.0,20.0,0,0,0.0,0.0,0.6,14.48,0.0033,0.0804,13.7518,1.8237,0.9389,4.5737,1.4321,1
130,1.95,1,1,1,1,1,1,6,20.0,20.0,0,0,0.0,0.0,0.52,12.46,0.0029,0.0692,13.7559,1.8338,0.9512,5.7046,2.5631,1
131,1.965,1,1,1,1,1,1,6,20.0,20.0,0,0,0.0,0.0,0.44,10.72,0.0025,0.0596,13.7636,1.8325,0.9468,0.5524,3.694,1
132,1.98,1,1,1,1,1,1,6,20.0,20.0,0,0,0.0,0.0,0.38,9.23,0.0021,0.0513,13.7702,1.8371,0.9505,1.6834,4.825,1
133,1.995,1,1,1,1,1,1,6,20.0,20.0,0,0,0.0,0.0,0.33,7.94,0.0018,0.0441,13.773,1.8315,0.9449,2.8144,5.956,1
134,2.01,1,1,1,1,1,1,6,20.0,20.0,0,0,0.0,0.0,0.28,6.84,0.0016,0.038,13.7636,1.8223,0.9345,3.9454,0.8038,1
135,2.025,1,1,1,1,1,1,6,20.0,20.0,1,0,66.7,0.0,9.53,5.89,0.0529,0.0327,13.7562,1.8303,0.9505,5.0763,1.9347,1
136,2.04,1,1,1,1,1,1,6,20.0,20.0,0,1,0.0,66.7,8.2,14.35,0.0456,0.0797,13.7642,1.8355,0.9496,6.2073,3.0657,1
137,2.055,1,1,1,1,1,1,6,20.0,20.0,0,0,0.0,0.0,7.06,12.35,0.0392,0.0686,13.7639,1.8346,0.9416,1.0551,4.1967,1
138,2.07,1,1,1,1,1,1,6,20.0,20.0,0,1,0.0,66.7,6.08,19.92,0.0338,0.1107,13.7697,1.8352,0.9558,2.1861,5.3277,1
139,2.085,1,1,1,1,1,1,6,20.0,20.0,0,0,0.0,0.0,5.23,17.14,0.0291,0.0952,13.7773,1.8257,0.9434,3.317,0.1754,1
140,2.1,1,1,1,1,1,1,6,200.0,200.0,2,2,133.3,133.3,23.07,33.33,0.1282,0.1852,13.7629,1.8195,0.9339,4.448,1.3064,0
141,2.115,1,1,1,1,1,1,6,200.0,200.0,3,3,200.0,200.0,47.72,56.54,0.2651,0.3141,13.7873,1.8375,0.9613,5.579,2.4374,0
142,2.13,1,1,1,1,1,1,6,200.0,200.0,3,3,200.0,200.0,68.93,76.53,0.3829,0.4251,13.8045,1.8601,0.9313,0.4268,3.5684,0
143,2.145,1,1,1,1,1,1,6,200.0,200.0,2,3,133.3,200.0,77.9,93.73,0.4328,0.5207,13.8733,1.8931,0.9322,1.5577,4.6993,0
144,2.16,1,1,1,1,1,1,6,200.0,200.0,2,2,133.3,133.3,85.62,99.24,0.4757,0.5513,13.9377,1.8824,0.953,2.6887,5.8303,0
145,2.175,1,1,1,1,1,1,6,200.0,200.0,2,3,133.3,200.0,92.27,113.28,0.5126,0.6293,13.9845,1.8725,0.9062,3.8197,0.6781,0
146,2.19,1,0,1,0,1,0,3,140.0,80.0,2,1,133.3,66.7,97.99,106.78,0.5444,0.5932,14.1069,1.8898,0.966,4.9507,1.8091,0
147,2.205,1,1,1,1,1,1,6,200.0,200.0,3,2,200.0,133.3,112.2,110.48,0.6233,0.6138,14.1744,1.9563,0.9689,6.0816,2.94,0
148,2.22,1,1,1,0,1,1,5,200.0,140.0,3,2,200.0,133.3,124.43,113.67,0.6913,0.6315,14.2718,2.0709,0.9151,0.9294,4.071,0
149,2.235,0,1,1,1,0,1,4,140.0,140.0,3,3,200.0,200.0,134.95,125.69,0.7497,0.6983,14.4002,2.0635,1.0173,2.0604,5.202,0
150,2.25,1,1,1,1,0,1,5,200.0,140.0,3,1,200.0,66.7,144.01,117.47,0.8001,0.6526,14.4934,2.0045,0.9961,3.1914,0.0498,0
151,2.265,1,0,1,1,1,0,4,140.0,140.0,3,2,200.0,133.3,151.81,119.68,0.8434,0.6649,14.7122,1.9306,0.953,4.3223,1.1808,0
152,2.28,1,0,1,0,1,0,3,140.0,80.0,1,3,66.7,200.0,139.95,130.87,0.7775,0.727,14.7997,2.0519,1.0597,5.4533,2.3117,0
153,2.295,1,1,1,0,1,1,5,200.0,140.0,3,2,200.0,133.3,148.32,131.21,0.824,0.7289,14.8901,2.1618,1.0162,0.3011,3.4427,0
154,2.31,0,1,0,1,0,1,3,80.0,140.0,1,2,66.7,133.3,136.94,131.51,0.7608,0.7306,15.0825,2.303,1.0255,1.4321,4.5737,0
155,2.325,0,1,1,1,0,1,4,140.0,140.0,1,2,66.7,133.3,127.15,131.76,0.7064,0.732,15.2011,2.2087,1.0963,2.5631,5.7046,0
156,2.34,1,1,1,1,1,1,6,200.0,200.0,3,3,200.0,200.0,137.3,141.27,0.7628,0.7848,15.3843,2.1449,1.0438,3.694,0.5524,0
157,2.355,1,0,1,0,1,1,4,140.0,140.0,2,2,133.3,133.3,136.75,140.16,0.7597,0.7787,15.602,2.1553,1.0923,4.825,1.6834,0
158,2.37,1,0,1,0,1,1,4,140.0,140.0,2,3,133.3,200.0,136.27,148.5,0.7571,0.825,15.6688,2.2839,1.1195,5.956,2.8144,0
159,2.385,1,0,1,1,1,1,5,140.0,200.0,2,2,133.3,133.3,135.86,146.38,0.7548,0.8132,15.8232,2.4491,1.0805,0.8038,3.9454,0
160,2.4,0,1,0,1,0,1,3,80.0,140.0,2,3,133.3,200.0,135.51,153.85,0.7528,0.8547,16.0273,2.4507,1.1351,1.9347,5.0763,0
161,2.415,0,1,1,1,0,1,4,140.0,140.0,3,2,200.0,133.3,144.49,150.99,0.8027,0.8389,16.15,2.3587,1.1121,3.0657,6.2073,0
162,2.43,0,1,1,1,1,1,5,140.0,200.0,3,2,200.0,133.3,152.23,148.53,0.8457,0.8252,16.392,2.2421,1.0836,4.1967,1.0551,0
163,2.445,1,0,1,0,1,1,4,140.0,140.0,1,2,66.7,133.3,140.31,146.42,0.7795,0.8134,16.5177,2.3874,1.1585,5.3277,2.1861,0
164,2.46,1,1,1,0,1,1,5,200.0,140.0,3,2,200.0,133.3,148.62,144.59,0.8257,0.8033,16.6053,2.5212,1.0987,0.1754,3.317,0
165,2.475,0,1,0,1,0,1,3,80.0,140.0,1,2,66.7,133.3,137.21,143.03,0.7623,0.7946,16.8399,2.7203,1.0892,1.3064,4.448,0
166,2.49,0,1,1,1,0,1,4,140.0,140.0,2,2,133.3,133.3,136.67,141.68,0.7593,0.7871,16.9776,2.6039,1.1658,2.4374,5.579,0
167,2.505,0,1,1,1,0,1,4,140.0,140.0,2,2,133.3,133.3,136.2,140.51,0.7567,0.7806,17.1601,2.5339,1.0778,3.5684,0.4268,0
168,2.52,1,0,1,0,1,0,3,140.0,80.0,3,2,200.0,133.3,145.09,139.51,0.8061,0.7751,17.4298,2.4952,1.1065,4.6993,1.5577,0
169,2.535,1,0,1,0,1,1,4,140.0,140.0,1,2,66.7,133.3,134.17,138.65,0.7454,0.7703,17.4919,2.6396,1.1601,5.8303,2.6887,0
170,2.55,1,0,1,0,1,1,4,140.0,140.0,2,2,133.3,133.3,134.05,137.91,0.7447,0.7662,17.6457,2.7937,1.092,0.6781,3.8197,0
171,2.565,0,1,1,1,0,1,4,140.0,140.0,1,2,66.7,133.3,124.66,137.27,0.6926,0.7626,17.864,2.8418,1.1379,1.8091,4.9507,0
172,2.58,0,1,1,1,0,1,4,140.0,140.0,2,2,133.3,133.3,125.87,136.73,0.6993,0.7596,17.9781,2.7516,1.1398,2.94,6.0816,0
173,2.595,1,1,1,1,0,1,5,200.0,140.0,3,1,200.0,66.7,136.2,126.97,0.7566,0.7054,18.1946,2.6384,1.1013,4.071,0.9294,0
174,2.61,1,0,1,0,1,1,4,140.0,140.0,1,2,66.7,133.3,126.51,127.85,0.7028,0.7103,18.3418,2.7539,1.164,5.202,2.0604,0
175,2.625,1,0,1,0,1,1,4,140.0,140.0,2,2,133.3,133.3,127.46,128.62,0.7081,0.7145,18.4065,2.8756,1.1267,0.0498,3.1914,0
176,2.64,0,1,1,1,0,1,4,140.0,140.0,2,2,133.3,133.3,128.28,129.27,0.7127,0.7182,18.6068,3.0726,1.0982,1.1808,4.3223,0
177,2.655,0,1,1,1,0,1,4,140.0,140.0,2,2,133.3,133.3,128.98,129.84,0.7166,0.7213,18.7471,2.9772,1.169,2.3117,5.4533,0
178,2.67,0,1,1,1,0,1,4,140.0,140.0,2,2,133.3,133.3,129.59,130.33,0.7199,0.724,18.8948,2.9103,1.0907,3.4427,0.3011,0
179,2.685,1,0,1,0,1,1,4,140.0,140.0,2,2,133.3,133.3,130.11,130.74,0.7228,0.7264,19.1565,2.8438,1.1024,4.5737,1.4321,0
180,2.7,1,0,1,0,1,1,4,140.0,140.0,2,3,133.3,200.0,130.56,140.39,0.7253,0.78,19.2226,2.9901,1.1693,5.7046,2.5631,0
181,2.715,1,1,1,0,1,1,5,200.0,140.0,3,2,200.0,133.3,140.23,139.41,0.7791,0.7745,19.3657,3.1197,1.0819,0.5524,3.694,0
182,2.73,0,1,0,1,0,1,3,80.0,140.0,3,3,200.0,200.0,148.56,147.85,0.8253,0.8214,19.5908,3.2161,1.1248,1.6834,4.825,0
183,2.745,0,1,1,1,0,1,4,140.0,140.0,2,2,133.3,133.3,146.44,145.83,0.8135,0.8101,19.7093,3.1183,1.1521,2.8144,5.956,0
184,2.76,0,1,1,1,0,1,4,140.0,140.0,2,2,133.3,133.3,144.61,144.09,0.8034,0.8005,19.9213,3.0157,1.0984,3.9454,0.8038,0
185,2.775,1,0,1,0,1,1,4,140.0,140.0,3,2,200.0,133.3,152.33,142.59,0.8463,0.7922,20.1234,3.0975,1.1514,5.0763,1.9347,0
186,2.79,1,0,1,0,1,1,4,140.0,140.0,2,1,133.3,66.7,149.68,132.01,0.8316,0.7334,20.1963,3.2294,1.1254,6.2073,3.0657,0
187,2.805,1,1,1,0,1,1,5,200.0,140.0,3,3,200.0,200.0,156.69,141.48,0.8705,0.786,20.3805,3.4345,1.0955,1.0551,4.1967,0
188,2.82,0,1,0,1,0,1,3,80.0,140.0,1,2,66.7,133.3,144.15,140.35,0.8008,0.7797,20.5502,3.3466,1.1687,2.1861,5.3277,0
189,2.835,0,1,1,1,1,1,5,140.0,200.0,2,2,133.3,133.3,142.64,139.37,0.7925,0.7743,20.6847,3.2563,1.1083,3.317,0.1754,0
190,2.85,1,0,1,0,1,0,3,140.0,80.0,2,2,133.3,133.3,141.35,138.53,0.7853,0.7696,20.9848,3.1516,1.0962,4.448,1.3064,0
191,2.865,1,0,1,0,1,1,4,140.0,140.0,3,2,200.0,133.3,149.52,137.81,0.8306,0.7656,21.0741,3.3099,1.1708,5.579,2.4374,0
192,2.88,1,1,1,0,1,1,5,200.0,140.0,2,3,133.3,200.0,147.26,146.47,0.8181,0.8137,21.2124,3.4416,1.077,0.4268,3.5684,0
193,2.895,0,1,0,1,0,1,3,80.0,140.0,1,2,66.7,133.3,136.04,144.64,0.7558,0.8036,21.4494,3.5813,1.1072,1.5577,4.6993,0
194,2.91,0,1,0,1,0,1,3,80.0,140.0,1,3,66.7,200.0,126.37,152.35,0.7021,0.8464,21.5679,3.4702,1.1563,2.6887,5.8303,0
195,2.925,0,1,1,1,0,1,4,140.0,140.0,2,2,133.3,133.3,127.34,149.7,0.7075,0.8317,21.7742,3.3831,1.093,3.8197,0.6781,0
196,2.94,1,0,1,0,1,0,3,140.0,80.0,3,3,200.0,200.0,137.46,156.71,0.7637,0.8706,21.9925,3.43,1.1454,4.9507,1.8091,0
197,2.955,1,0,1,0,1,1,4,140.0,140.0,3,2,200.0,133.3,146.17,153.45,0.8121,0.8525,22.0679,3.563,1.148,6.0816,2.94,0
198,2.97,1,1,1,0,1,1,5,200.0,140.0,3,1,200.0,66.7,153.67,141.36,0.8537,0.7854,22.2431,3.7627,1.1089,0.9294,4.071,0
199,2.985,0,1,0,1,0,1,3,80.0,140.0,1,3,66.7,200.0,141.55,149.53,0.7864,0.8307,22.4431,3.7206,1.1618,2.0604,5.202,0
200,3.0,0,1,1,1,0,1,4,140.0,140.0,3,2,200.0,133.3,149.69,147.27,0.8316,0.8182,22.5613,3.6158,1.1199,3.1914,0.0498,0
201,3.015,1,0,1,0,1,1,4,140.0,140.0,1,2,66.7,133.3,138.13,145.33,0.7674,0.8074,22.8471,3.4917,1.0917,4.3223,1.1808,0
202,3.03,1,0,1,0,1,1,4,140.0,140.0,3,3,200.0,200.0,146.75,152.95,0.8153,0.8497,22.9523,3.653,1.1731,5.4533,2.3117,0
203,3.045,1,1,1,0,1,1,5,200.0,140.0,3,1,200.0,66.7,154.16,140.93,0.8565,0.7829,23.0719,3.7838,1.0868,0.3011,3.4427,0
204,3.06,0,1,1,1,0,1,4,140.0,140.0,2,2,133.3,133.3,151.26,139.87,0.8404,0.7771,23.3151,3.9634,1.0978,1.4321,4.5737,0
205,3.075,0,1,0,1,0,1,3,80.0,140.0,2,2,133.3,133.3,148.77,138.96,0.8265,0.772,23.4387,3.8356,1.1706,2.5631,5.7046,0
206,3.09,0,1,1,1,0,1,4,140.0,140.0,2,3,133.3,200.0,146.62,147.46,0.8145,0.8192,23.6459,3.7553,1.0873,3.694,0.5524,0
207,3.105,1,0,1,0,1,0,3,140.0,80.0,2,1,133.3,66.7,144.77,136.21,0.8043,0.7567,23.9092,3.7482,1.1225,4.825,1.6834,0
208,3.12,1,0,1,0,1,1,4,140.0,140.0,2,2,133.3,133.3,143.17,135.81,0.7954,0.7545,23.9747,3.8834,1.1488,5.956,2.8144,0
209,3.135,1,0,1,0,1,1,4,140.0,140.0,3,2,200.0,133.3,151.09,135.46,0.8394,0.7526,24.1349,4.0591,1.098,0.8038,3.9454,0
