cycle,t_sec,contact_l0,contact_l1,contact_l2,contact_r0,contact_r1,contact_r2,n_contacts,fb_rate_left_hz,fb_rate_right_hz,p9_spikes_left,p9_spikes_right,p9_left_hz,p9_right_hz,p9_left_hz_ema,p9_right_hz_ema,cmd_left,cmd_right,thorax_x_mm,thorax_y_mm,thorax_z_mm,cpg_phase_0,cpg_phase_3,perturbed,heading_deg
0,0.0,1,1,1,1,1,1,6,300.0,300.0,1,1,66.7,66.7,66.67,66.67,0.4938,0.4938,0.5984,-0.0264,1.0675,4.5648,4.5579,0,-2.83
1,0.015,1,1,1,1,1,1,6,300.0,300.0,2,2,133.3,133.3,75.95,75.95,0.5626,0.5626,0.6397,-0.0154,1.0477,5.6519,5.7009,0,-1.05
2,0.03,1,1,1,1,1,1,6,300.0,300.0,2,2,133.3,133.3,83.95,83.95,0.6218,0.6218,0.6361,0.0282,0.9517,0.4209,0.5761,0,-0.32
3,0.045,1,0,1,0,1,1,4,206.7,206.7,0,2,0.0,133.3,72.25,90.82,0.5352,0.6728,0.6569,0.1211,0.8837,1.4341,1.7609,0,0.71
4,0.06,0,1,1,0,1,1,4,206.7,206.7,1,1,66.7,66.7,71.47,87.46,0.5294,0.6479,0.745,0.17,0.9481,2.4102,2.9822,0,0.76
5,0.075,1,1,1,1,1,1,6,300.0,300.0,1,2,66.7,133.3,70.8,93.85,0.5245,0.6952,0.8544,0.1788,1.0029,3.358,4.2465,0,0.16
6,0.09,1,1,1,1,1,1,6,300.0,300.0,1,2,66.7,133.3,70.23,99.35,0.5202,0.7359,0.9137,0.1344,0.9829,4.2934,5.5534,0,0.05
7,0.105,1,0,1,1,1,0,4,206.7,206.7,1,2,66.7,133.3,69.73,104.08,0.5165,0.771,0.9599,0.1235,0.9267,5.2379,0.6056,0,1.4
8,0.12,1,0,1,0,1,1,4,206.7,206.7,0,1,0.0,66.7,60.02,98.87,0.4446,0.7324,1.0495,0.2385,0.9667,6.2124,1.9403,0,7.42
9,0.135,1,1,1,0,1,1,5,300.0,206.7,1,2,66.7,133.3,60.95,103.67,0.4514,0.7679,1.2317,0.318,0.8748,0.9415,3.2491,0,8.17
10,0.15,0,1,1,1,1,1,5,206.7,300.0,0,1,0.0,66.7,52.46,98.52,0.3886,0.7298,1.3781,0.346,0.9967,1.9886,4.5212,0,8.57
11,0.165,1,1,1,1,1,1,6,300.0,300.0,1,2,66.7,133.3,54.44,103.37,0.4032,0.7657,1.455,0.2869,0.9638,3.0625,5.7584,0,5.46
12,0.18,0,1,1,1,1,1,5,206.7,300.0,2,2,133.3,133.3,65.43,107.54,0.4846,0.7966,1.5897,0.2326,0.919,4.1551,0.6868,0,6.55
13,0.195,1,0,1,0,1,1,4,206.7,206.7,0,2,0.0,133.3,56.31,111.13,0.4171,0.8232,1.6627,0.3084,0.994,5.2604,1.8784,0,11.58
14,0.21,1,1,1,1,1,1,6,300.0,300.0,1,1,66.7,66.7,57.75,104.94,0.4278,0.7773,1.7116,0.4218,1.0422,0.0912,3.0542,0,15.09
15,0.225,1,1,1,1,1,1,6,300.0,300.0,1,3,66.7,200.0,59.0,118.18,0.437,0.8754,1.9074,0.5935,0.9942,1.2107,4.2189,0,15.94
16,0.24,0,1,0,1,0,1,3,113.3,206.7,1,2,66.7,133.3,60.06,120.29,0.4449,0.891,2.0344,0.5532,1.0553,2.3338,5.3754,0,12.93
17,0.255,0,1,1,1,1,1,5,206.7,300.0,0,2,0.0,133.3,51.7,122.11,0.3829,0.9045,2.1304,0.5088,1.0009,3.4592,0.2424,0,12.12
18,0.27,1,1,1,0,1,1,5,300.0,206.7,2,0,133.3,0.0,63.07,105.1,0.4672,0.7785,2.3125,0.4847,0.9629,4.5865,1.388,0,14.58
19,0.285,1,0,1,0,1,1,4,206.7,206.7,2,2,133.3,133.3,72.86,109.03,0.5397,0.8076,2.3361,0.6334,1.0934,5.715,2.5304,0,20.55
20,0.3,1,0,1,0,1,1,4,206.7,206.7,1,1,66.7,66.7,71.99,103.13,0.5333,0.7639,2.4583,0.7784,1.0417,0.5613,3.6703,0,21.28
21,0.315,0,1,0,1,0,1,3,113.3,206.7,1,1,66.7,66.7,71.25,98.05,0.5278,0.7263,2.6431,0.8873,1.0781,1.6914,4.8082,0,21.04
22,0.33,1,1,1,1,0,1,5,300.0,206.7,3,1,200.0,66.7,89.19,93.68,0.6606,0.6939,2.7406,0.8247,1.0929,2.8218,5.9446,0,17.84
23,0.345,1,1,1,1,0,1,5,300.0,206.7,1,1,66.7,66.7,86.05,89.92,0.6374,0.6661,2.8981,0.7759,1.0275,3.9525,0.7967,0,19.04
24,0.36,1,0,1,0,1,1,4,206.7,206.7,0,1,0.0,66.7,74.06,86.68,0.5486,0.6421,3.0083,0.8806,1.1145,5.0833,1.931,0,21.74
25,0.375,1,1,1,0,1,1,5,300.0,206.7,0,1,0.0,66.7,63.75,83.89,0.4722,0.6214,3.0407,0.9898,1.1159,6.2141,3.0644,0,25.12
26,0.39,1,1,1,0,1,1,5,300.0,206.7,2,1,133.3,66.7,73.44,81.49,0.544,0.6036,3.1695,1.1767,1.0882,1.0619,4.1972,0,24.58
27,0.405,0,1,1,1,0,1,4,206.7,206.7,3,2,200.0,133.3,91.07,88.71,0.6746,0.6571,3.3133,1.1463,1.1376,2.1928,5.3296,0,21.48
28,0.42,0,1,1,1,0,1,4,206.7,206.7,1,1,66.7,66.7,87.67,85.64,0.6494,0.6344,3.4283,1.0965,1.0926,3.3238,0.1785,0,18.95
29,0.435,1,1,1,0,1,0,4,300.0,113.3,1,1,66.7,66.7,84.74,83.0,0.6277,0.6148,3.6453,1.0712,1.0781,4.4547,1.3104,0,19.85
30,0.45,1,0,1,0,1,1,4,206.7,206.7,1,1,66.7,66.7,82.23,80.72,0.6091,0.598,3.6881,1.2075,1.1462,5.5857,2.442,0,24.32
31,0.465,1,0,1,0,1,1,4,206.7,206.7,1,1,66.7,66.7,80.06,78.77,0.593,0.5835,3.7805,1.3264,1.0698,0.4335,3.5735,0,24.87
32,0.48,0,1,0,1,0,1,3,113.3,206.7,1,1,66.7,66.7,78.19,77.08,0.5792,0.571,3.9328,1.4563,1.1104,1.5645,4.7048,0,23.69
33,0.495,0,1,1,1,0,1,4,206.7,206.7,0,2,0.0,133.3,67.3,84.92,0.4985,0.629,4.0418,1.401,1.1461,2.6954,5.8361,0,20.02
34,0.51,0,1,1,1,0,1,4,206.7,206.7,0,2,0.0,133.3,57.93,91.66,0.4291,0.679,4.1978,1.3625,1.0658,3.8264,0.6841,0,20.04
35,0.525,1,0,1,0,1,0,3,206.7,113.3,2,1,133.3,66.7,68.43,88.18,0.5069,0.6532,4.3276,1.4371,1.1356,4.9574,1.8152,0,21.79
36,0.54,1,0,1,0,1,1,4,206.7,206.7,1,1,66.7,66.7,68.18,85.18,0.5051,0.631,4.3687,1.5429,1.151,6.0883,2.9463,0,25.31
37,0.555,1,1,1,0,1,1,5,300.0,206.7,1,1,66.7,66.7,67.97,82.6,0.5035,0.6119,4.4688,1.7109,1.1065,0.9361,4.0774,0,24.78
38,0.57,0,1,0,1,0,1,3,113.3,206.7,0,1,0.0,66.7,58.51,80.38,0.4334,0.5954,4.6147,1.7067,1.15,2.0671,5.2084,0,22.51
39,0.585,0,1,1,1,0,1,4,206.7,206.7,1,2,66.7,133.3,59.64,87.76,0.4418,0.6501,4.716,1.67,1.1162,3.1981,0.0563,0,20.01
40,0.6,1,1,1,0,1,0,4,300.0,113.3,1,0,66.7,0.0,60.62,75.53,0.449,0.5595,4.888,1.6314,1.0756,4.329,1.1873,0,20.69
41,0.615,1,0,1,0,1,0,3,206.7,113.3,0,1,0.0,66.7,52.18,74.3,0.3865,0.5504,4.9189,1.7578,1.1513,5.46,2.3183,0,24.76
42,0.63,1,1,1,0,1,1,5,300.0,206.7,1,2,66.7,133.3,54.19,82.52,0.4014,0.6113,4.9778,1.8544,1.0965,0.3078,3.4493,0,26.02
43,0.645,0,1,1,1,0,1,4,206.7,206.7,2,1,133.3,66.7,65.22,80.31,0.4831,0.5949,5.1228,2.0082,1.1106,1.4388,4.5803,0,25.43
44,0.66,0,1,1,1,0,1,4,206.7,206.7,1,1,66.7,66.7,65.42,78.41,0.4846,0.5808,5.2201,1.9635,1.1465,2.5697,5.7113,0,22.44
45,0.675,1,1,1,1,0,1,5,300.0,206.7,1,1,66.7,66.7,65.59,76.78,0.4859,0.5687,5.3465,1.9421,1.0513,3.7007,0.5591,0,22.7
46,0.69,1,0,1,0,1,1,4,206.7,206.7,1,1,66.7,66.7,65.74,75.37,0.487,0.5583,5.4804,1.9864,1.1145,4.8317,1.6901,0,23.52
47,0.705,1,0,1,0,1,1,4,206.7,206.7,0,2,0.0,133.3,56.59,83.44,0.4192,0.6181,5.5094,2.0872,1.1489,5.9627,2.821,0,27.16
48,0.72,1,0,1,0,1,1,4,206.7,206.7,1,2,66.7,133.3,57.99,90.39,0.4296,0.6696,5.5922,2.2336,1.0922,0.8105,3.952,0,26.76
49,0.735,0,1,1,1,0,1,4,206.7,206.7,0,1,0.0,66.7,49.91,87.09,0.3697,0.6451,5.7412,2.2765,1.1347,1.9414,5.083,0,25.43
50,0.75,0,1,1,1,0,1,4,206.7,206.7,0,1,0.0,66.7,42.96,84.24,0.3182,0.624,5.8365,2.2475,1.113,3.0724,6.214,0,23.35
51,0.765,1,1,1,1,1,1,6,300.0,300.0,1,2,66.7,133.3,46.26,91.08,0.3427,0.6747,5.9728,2.2028,1.0571,4.2034,1.0618,0,23.92
52,0.78,1,0,1,0,1,1,4,206.7,206.7,1,2,66.7,133.3,49.1,96.97,0.3637,0.7183,5.9993,2.3249,1.1518,5.3343,2.1927,0,27.55
53,0.795,1,1,1,0,1,1,5,300.0,206.7,1,1,66.7,66.7,51.55,92.75,0.3819,0.687,6.0365,2.4248,1.1289,0.1821,3.3237,0,29.61
54,0.81,0,1,0,0,0,1,2,113.3,113.3,0,0,0.0,0.0,44.37,79.83,0.3287,0.5913,6.1816,2.6046,1.1074,1.3131,4.4547,0,29.23
55,0.825,0,1,1,1,0,1,4,206.7,206.7,1,2,66.7,133.3,47.48,87.28,0.3517,0.6465,6.2826,2.579,1.1364,2.4441,5.5857,0,27.06
56,0.84,1,1,1,1,0,1,5,300.0,206.7,0,2,0.0,133.3,40.86,93.69,0.3027,0.694,6.3865,2.5702,1.0427,3.5751,0.4335,0,27.69
57,0.855,1,0,1,0,1,1,4,206.7,206.7,0,2,0.0,133.3,35.17,99.22,0.2605,0.7349,6.4943,2.5987,1.0796,4.706,1.5644,0,28.78
58,0.87,1,0,1,0,1,0,3,206.7,113.3,1,1,66.7,66.7,39.56,94.68,0.293,0.7014,6.4994,2.7068,1.1492,5.837,2.6954,0,33.24
59,0.885,1,1,1,0,1,1,5,300.0,206.7,0,3,0.0,200.0,34.05,109.35,0.2522,0.81,6.572,2.8506,1.085,0.6848,3.8264,0,33.06
60,0.9,0,1,1,1,0,1,4,206.7,206.7,1,1,66.7,66.7,38.59,103.41,0.2859,0.766,6.7222,2.9719,1.1169,1.8158,4.9574,0,33.3
61,0.915,0,1,1,1,0,1,4,206.7,206.7,0,1,0.0,66.7,33.22,98.29,0.246,0.7281,6.8108,2.9477,1.0942,2.9467,6.0883,0,31.78
62,0.93,1,1,1,1,0,1,5,300.0,206.7,1,2,66.7,133.3,37.88,103.17,0.2806,0.7642,6.9227,2.9104,1.0174,4.0777,0.9361,0,33.03
63,0.945,1,0,1,0,1,0,3,206.7,113.3,0,0,0.0,0.0,32.6,88.8,0.2415,0.6578,6.9232,3.034,1.1209,5.2087,2.0671,0,37.06
64,0.96,1,1,1,0,1,1,5,300.0,206.7,0,2,0.0,133.3,28.06,95.0,0.2078,0.7037,6.9124,3.1286,1.1486,0.0565,3.1981,0,39.72
65,0.975,0,1,1,0,1,1,4,206.7,206.7,2,2,133.3,133.3,42.72,100.34,0.3165,0.7433,7.0213,3.3425,1.1075,1.1874,4.329,0,39.9
66,0.99,0,1,0,1,0,1,3,113.3,206.7,0,0,0.0,0.0,36.77,86.37,0.2724,0.6397,7.1262,3.3641,1.1279,2.3184,5.46,0,38.54
67,1.005,1,1,1,1,0,1,5,300.0,206.7,1,2,66.7,133.3,40.94,92.91,0.3032,0.6882,7.2153,3.3555,1.0461,3.4494,0.3078,0,38.63
68,1.02,1,1,1,0,1,1,5,300.0,206.7,0,1,0.0,66.7,35.23,89.25,0.261,0.6611,7.3162,3.3853,1.0466,4.5804,1.4388,0,39.93
69,1.035,1,1,1,0,1,1,5,300.0,206.7,2,1,133.3,66.7,48.9,86.11,0.3622,0.6378,7.3033,3.5002,1.1297,5.7113,2.5697,0,44.71
70,1.05,1,1,1,0,1,1,5,20.0,206.7,0,2,0.0,133.3,42.09,92.68,0.3118,0.6866,7.341,3.6373,1.0724,0.5591,3.7007,1,44.64
71,1.065,0,1,1,1,0,1,4,20.0,206.7,0,3,0.0,200.0,36.22,107.63,0.2683,0.7973,7.4504,3.8071,1.1047,1.6901,4.8317,1,45.16
72,1.08,1,1,1,1,0,1,5,20.0,206.7,0,2,0.0,133.3,31.18,111.21,0.231,0.8238,7.5416,3.8168,1.0905,2.8211,5.9627,1,43.81
73,1.095,0,1,1,1,0,1,4,20.0,206.7,0,1,0.0,66.7,26.84,105.01,0.1988,0.7778,7.6469,3.8055,1.0075,3.952,0.8104,1,45.4
74,1.11,1,0,1,0,1,1,4,20.0,206.7,0,2,0.0,133.3,23.1,108.95,0.1711,0.8071,7.6358,3.9118,1.1118,5.083,1.9414,1,48.82
75,1.125,1,1,1,0,1,1,5,20.0,206.7,0,2,0.0,133.3,19.88,112.35,0.1473,0.8322,7.5933,4.0083,1.1598,6.214,3.0724,1,52.31
76,1.14,1,1,1,0,1,1,5,20.0,206.7,0,2,0.0,133.3,17.11,115.27,0.1268,0.8539,7.6507,4.2392,1.1251,1.0618,4.2034,1,52.63
77,1.155,0,1,0,1,0,1,3,20.0,206.7,0,2,0.0,133.3,14.73,117.79,0.1091,0.8725,7.7547,4.3162,1.1246,2.1928,5.3343,1,52.34
78,1.17,1,1,1,1,0,1,5,20.0,206.7,0,2,0.0,133.3,12.68,119.95,0.0939,0.8885,7.8436,4.3183,1.0339,3.3237,0.1821,1,51.74
79,1.185,1,1,1,0,1,0,4,20.0,113.3,0,3,0.0,200.0,10.91,131.1,0.0808,0.9711,7.9249,4.3383,0.996,4.4547,1.3131,1,54.44
80,1.2,1,1,1,0,1,0,4,20.0,113.3,0,1,0.0,66.7,9.39,122.13,0.0696,0.9046,7.826,4.4459,1.1368,5.5857,2.4441,1,60.37
81,1.215,1,1,1,0,1,1,5,20.0,206.7,0,2,0.0,133.3,8.08,123.69,0.0599,0.9162,7.8112,4.5958,1.1155,0.4335,3.5751,1,62.03
82,1.23,1,1,0,1,0,1,4,20.0,206.7,0,2,0.0,133.3,6.96,125.03,0.0515,0.9262,7.8609,4.8426,1.1258,1.5644,4.706,1,64.64
83,1.245,1,1,1,1,0,1,5,20.0,206.7,0,2,0.0,133.3,5.99,126.19,0.0444,0.9347,7.9334,4.8679,1.0846,2.6954,5.837,1,63.77
84,1.26,1,1,1,1,1,1,6,20.0,300.0,0,2,0.0,133.3,5.15,127.18,0.0382,0.9421,7.9948,4.8723,0.9967,3.8264,0.6848,1,67.96
85,1.275,1,1,1,0,1,1,5,20.0,206.7,0,2,0.0,133.3,4.44,128.04,0.0329,0.9484,7.949,4.9377,1.0937,4.9574,1.8158,1,71.0
86,1.29,1,1,1,0,1,1,5,20.0,206.7,0,2,0.0,133.3,3.82,128.78,0.0283,0.9539,7.8585,5.013,1.1855,6.0883,2.9467,1,75.44
87,1.305,1,1,1,0,1,1,5,20.0,206.7,0,2,0.0,133.3,3.29,129.41,0.0243,0.9586,7.8243,5.2629,1.164,0.9361,4.0777,1,77.72
88,1.32,0,1,0,1,0,1,3,20.0,206.7,0,2,0.0,133.3,2.83,129.96,0.021,0.9627,7.8609,5.4087,1.1213,2.0671,5.2087,1,79.51
89,1.335,1,1,1,1,0,1,5,20.0,206.7,0,3,0.0,200.0,2.43,139.71,0.018,1.0,7.9384,5.4428,1.0145,3.1981,0.0565,1,78.63
90,1.35,1,1,1,0,1,0,4,20.0,113.3,0,1,0.0,66.7,2.1,129.54,0.0155,0.9596,8.0057,5.4627,0.9447,4.329,1.1874,1,83.06
91,1.365,1,1,1,0,1,1,5,20.0,206.7,0,2,0.0,133.3,1.8,130.07,0.0134,0.9635,7.84,5.4924,1.127,5.46,2.3184,1,88.96
92,1.38,1,1,1,0,1,1,5,20.0,206.7,0,1,0.0,66.7,1.55,121.24,0.0115,0.898,7.7742,5.5928,1.1397,0.3078,3.4494,1,90.71
93,1.395,0,1,1,1,0,1,4,20.0,206.7,0,3,0.0,200.0,1.34,132.21,0.0099,0.9793,7.6787,5.8492,1.124,1.4388,4.5804,1,94.67
94,1.41,1,1,1,1,0,1,5,20.0,206.7,0,1,0.0,66.7,1.15,123.08,0.0085,0.9117,7.7088,5.9167,1.0704,2.5697,5.7113,1,94.29
95,1.425,1,1,1,1,0,1,5,20.0,206.7,0,1,0.0,66.7,0.99,115.22,0.0073,0.8535,7.7416,5.9385,0.9917,3.7007,0.5591,1,98.8
96,1.44,1,0,1,0,1,0,3,20.0,113.3,0,2,0.0,133.3,0.85,117.74,0.0063,0.8722,7.7107,5.9885,1.0068,4.8317,1.6901,1,101.27
97,1.455,1,1,1,0,1,1,5,20.0,206.7,0,1,0.0,66.7,0.73,110.63,0.0054,0.8195,7.6089,5.9816,1.1377,5.9627,2.8211,1,105.77
98,1.47,1,1,1,0,1,1,5,20.0,206.7,0,2,0.0,133.3,0.63,113.79,0.0047,0.8429,7.4864,6.133,1.1328,0.8104,3.952,1,107.5
99,1.485,1,1,1,1,0,1,5,20.0,206.7,0,2,0.0,133.3,0.54,116.51,0.004,0.8631,7.4089,6.2842,1.1023,1.9414,5.083,1,109.99
100,1.5,1,1,1,1,0,1,5,20.0,206.7,0,2,0.0,133.3,0.47,118.86,0.0035,0.8804,7.4604,6.3405,1.009,3.0724,6.214,1,109.21
101,1.515,1,1,1,1,1,1,6,20.0,300.0,0,2,0.0,133.3,0.4,120.87,0.003,0.8954,7.523,6.3778,0.9297,4.2034,1.0618,1,112.86
102,1.53,1,1,1,0,1,1,5,20.0,206.7,0,2,0.0,133.3,0.35,122.61,0.0026,0.9082,7.3803,6.3322,1.0972,5.3343,2.1928,1,117.77
103,1.545,1,1,1,0,1,1,5,20.0,206.7,0,2,0.0,133.3,0.3,124.1,0.0022,0.9193,7.2984,6.353,1.1416,0.1821,3.3237,1,119.88
104,1.56,0,1,1,0,0,1,3,20.0,113.3,0,2,0.0,133.3,0.26,125.39,0.0019,0.9288,7.1172,6.5174,1.1225,1.3131,4.4547,1,122.9
105,1.575,1,1,0,1,0,1,4,20.0,206.7,0,1,0.0,66.7,0.22,117.21,0.0016,0.8682,7.0879,6.6004,1.0703,2.4441,5.5857,1,122.72
106,1.59,1,1,1,1,0,1,5,20.0,206.7,0,2,0.0,133.3,0.19,119.45,0.0014,0.8849,7.1173,6.6462,0.9791,3.5751,0.4335,1,125.44
107,1.605,1,1,1,0,1,0,4,20.0,113.3,0,2,0.0,133.3,0.16,121.39,0.0012,0.8992,7.0871,6.6837,0.962,4.706,1.5644,1,128.26
108,1.62,1,1,1,0,1,0,4,20.0,113.3,0,2,0.0,133.3,0.14,123.05,0.001,0.9115,6.9892,6.6229,1.119,5.837,2.6954,1,133.21
109,1.635,1,1,1,0,1,1,5,20.0,206.7,0,1,0.0,66.7,0.12,115.2,0.0009,0.8533,6.8486,6.6921,1.1086,0.6848,3.8264,1,134.33
110,1.65,0,1,0,1,0,1,3,20.0,206.7,0,1,0.0,66.7,0.1,108.44,0.0008,0.8032,6.6815,6.7934,1.0993,1.8158,4.9574,1,136.71
111,1.665,1,1,1,1,0,1,5,20.0,206.7,0,3,0.0,200.0,0.09,121.19,0.0007,0.8977,6.6987,6.863,1.0193,2.9467,6.0883,1,136.09
112,1.68,1,1,1,1,0,1,5,20.0,206.7,0,1,0.0,66.7,0.08,113.6,0.0006,0.8415,6.7414,6.922,0.9418,4.0777,0.9361,1,139.0
113,1.695,1,0,1,0,1,1,4,20.0,206.7,0,2,0.0,133.3,0.07,116.35,0.0005,0.8618,6.6471,6.8347,1.0844,5.2087,2.0671,1,143.35
114,1.71,1,1,1,0,1,1,5,20.0,206.7,0,2,0.0,133.3,0.06,118.71,0.0004,0.8793,6.5673,6.7964,1.1561,0.0565,3.1981,1,146.26
115,1.725,0,1,0,0,0,1,2,20.0,113.3,0,2,0.0,133.3,0.05,120.75,0.0004,0.8944,6.3392,6.8663,1.1412,1.1874,4.329,1,148.38
116,1.74,0,1,1,1,0,1,4,20.0,206.7,0,1,0.0,66.7,0.04,113.22,0.0003,0.8386,6.2634,6.9271,1.0931,2.3184,5.46,1,148.69
117,1.755,1,1,1,1,1,1,6,20.0,300.0,0,3,0.0,200.0,0.04,125.3,0.0003,0.9282,6.273,6.99,0.9944,3.4494,0.3078,1,149.49
118,1.77,1,0,1,0,1,0,3,20.0,113.3,0,2,0.0,133.3,0.03,126.42,0.0002,0.9365,6.2477,7.0279,0.9569,4.5804,1.4388,1,152.49
119,1.785,1,1,1,0,1,0,4,20.0,113.3,0,1,0.0,66.7,0.03,118.1,0.0002,0.8748,6.1749,6.9174,1.1256,5.7113,2.5697,1,158.18
120,1.8,1,1,1,0,1,1,5,20.0,206.7,0,2,0.0,133.3,0.02,120.22,0.0002,0.8905,6.0083,6.9123,1.1042,0.5591,3.7007,1,159.35
121,1.815,1,1,0,1,0,1,4,20.0,206.7,0,1,0.0,66.7,0.02,112.76,0.0001,0.8353,5.8025,6.9245,1.1126,1.6901,4.8317,1,163.05
122,1.83,1,1,1,1,0,1,5,20.0,206.7,0,2,0.0,133.3,0.02,115.63,0.0001,0.8565,5.7813,6.9843,1.0469,2.8211,5.9627,1,162.54
123,1.845,1,1,1,1,1,1,6,20.0,300.0,0,2,0.0,133.3,0.01,118.09,0.0001,0.8748,5.7844,7.036,0.9691,3.952,0.8104,1,166.9
124,1.86,1,0,1,0,1,1,4,20.0,206.7,0,2,0.0,133.3,0.01,120.22,0.0001,0.8905,5.7404,6.9454,1.0781,5.083,1.9414,1,170.39
125,1.875,1,1,1,0,1,1,5,20.0,206.7,0,3,0.0,200.0,0.01,131.33,0.0001,0.9728,5.6861,6.8589,1.1724,6.214,3.0724,1,174.19
126,1.89,1,1,1,0,1,1,5,20.0,206.7,0,2,0.0,133.3,0.01,131.61,0.0001,0.9749,5.4466,6.7989,1.1597,1.0618,4.2034,1,176.11
127,1.905,1,1,1,1,0,1,5,20.0,206.7,0,1,0.0,66.7,0.01,122.56,0.0001,0.9079,5.3219,6.8099,1.1058,2.1928,5.3343,1,177.45
128,1.92,1,1,1,1,1,1,6,20.0,300.0,0,3,0.0,200.0,0.01,133.35,0.0001,0.9878,5.2931,6.8745,0.9994,3.3237,0.1821,1,177.48
129,1.935,1,1,1,1,1,1,6,20.0,300.0,0,2,0.0,133.3,0.01,133.35,0.0,0.9878,5.2562,6.9246,0.9265,4.4547,1.3131,1,-178.36
130,1.95,1,1,1,0,1,1,5,20.0,206.7,0,2,0.0,133.3,0.01,133.34,0.0,0.9877,5.2524,6.7643,1.1217,5.5857,2.4441,1,-172.41
131,1.965,1,1,1,0,1,1,5,20.0,206.7,0,2,0.0,133.3,0.0,133.34,0.0,0.9877,5.1266,6.6893,1.1034,0.4335,3.5751,1,-171.24
132,1.98,1,1,1,1,0,1,5,20.0,206.7,0,3,0.0,200.0,0.0,142.63,0.0,1.0,4.9086,6.5679,1.1102,1.5644,4.706,1,-166.75
133,1.995,1,1,1,1,0,1,5,20.0,206.7,0,1,0.0,66.7,0.0,132.05,0.0,0.9781,4.8459,6.6035,1.0416,2.6954,5.837,1,-167.49
134,2.01,1,1,1,1,0,1,5,20.0,206.7,0,2,0.0,133.3,0.0,132.23,0.0,0.9795,4.8171,6.641,0.9653,3.8264,0.6848,1,-162.08
135,2.025,1,1,1,0,1,1,5,20.0,206.7,0,1,0.0,66.7,0.0,123.09,0.0,0.9118,4.798,6.5645,1.0372,4.9574,1.8158,1,-159.3
136,2.04,1,1,1,0,1,1,5,20.0,206.7,0,2,0.0,133.3,0.0,124.52,0.0,0.9224,4.814,6.4657,1.1458,6.0883,2.9467,1,-155.15
137,2.055,1,1,1,0,1,1,5,20.0,206.7,0,1,0.0,66.7,0.0,116.46,0.0,0.8627,4.6605,6.313,1.1474,0.9361,4.0777,1,-153.14
138,2.07,0,1,1,1,0,1,4,20.0,206.7,0,2,0.0,133.3,0.0,118.81,0.0,0.8801,4.5315,6.2319,1.0983,2.0671,5.2087,1,-151.31
139,2.085,1,1,1,1,0,1,5,20.0,206.7,0,2,0.0,133.3,0.0,120.83,0.0,0.8951,4.4678,6.2761,0.9923,3.1981,0.0565,1,-152.14
140,2.1,1,0,1,0,1,0,3,206.7,113.3,0,2,0.0,133.3,0.0,122.58,0.0,0.908,4.4174,6.3251,0.9106,4.329,1.1874,0,-148.81
141,2.115,1,1,1,0,1,1,5,300.0,206.7,0,0,0.0,0.0,0.0,105.5,0.0,0.7815,4.4909,6.1886,1.096,5.46,2.3184,0,-143.23
142,2.13,1,1,1,0,1,1,5,300.0,206.7,0,1,0.0,66.7,0.0,100.09,0.0,0.7414,4.4528,6.1044,1.1011,0.3078,3.4494,0,-141.92
143,2.145,1,1,0,1,0,1,4,206.7,206.7,1,1,66.7,66.7,9.29,95.44,0.0688,0.7069,4.338,5.9199,1.1101,1.4388,4.5804,0,-139.08
144,2.16,1,1,0,1,0,1,4,206.7,206.7,1,2,66.7,133.3,17.28,100.72,0.128,0.746,4.2722,5.9051,1.0677,2.5697,5.7113,0,-139.68
145,2.175,1,1,1,1,1,1,6,300.0,300.0,0,2,0.0,133.3,14.87,105.26,0.1102,0.7797,4.2223,5.9242,0.9754,3.7007,0.5591,0,-136.75
146,2.19,1,1,1,0,1,0,4,300.0,113.3,2,1,133.3,66.7,31.37,99.88,0.2324,0.7399,4.1934,5.8613,1.0184,4.8317,1.6901,0,-134.49
147,2.205,1,1,1,0,1,1,5,300.0,206.7,1,1,66.7,66.7,36.29,95.26,0.2688,0.7056,4.2279,5.7662,1.1116,5.9627,2.8211,0,-130.43
148,2.22,1,1,1,0,1,1,5,300.0,206.7,2,1,133.3,66.7,49.81,91.27,0.3689,0.6761,4.1964,5.5959,1.0832,0.8104,3.952,0,-129.47
149,2.235,0,1,0,1,0,1,3,113.3,206.7,1,2,66.7,133.3,52.16,97.13,0.3863,0.7195,4.0956,5.4613,1.0848,1.9414,5.083,0,-129.65
150,2.25,1,1,1,1,0,1,5,300.0,206.7,1,1,66.7,66.7,54.18,92.89,0.4013,0.6881,4.0103,5.4589,1.0503,3.0724,6.214,0,-131.26
151,2.265,1,1,1,1,1,1,6,300.0,300.0,1,1,66.7,66.7,55.92,89.24,0.4142,0.661,3.8834,5.4462,0.9628,4.2034,1.0618,0,-130.34
152,2.28,1,0,1,0,1,1,4,206.7,206.7,1,2,66.7,133.3,57.41,95.38,0.4253,0.7065,3.9211,5.3244,1.0996,5.3343,2.1928,0,-125.01
153,2.295,1,1,1,0,1,1,5,300.0,206.7,1,1,66.7,66.7,58.7,91.38,0.4348,0.6769,3.9411,5.2097,1.0903,0.1821,3.3237,0,-122.91
154,2.31,0,1,0,1,0,1,3,113.3,206.7,0,2,0.0,133.3,50.53,97.22,0.3743,0.7202,3.9114,4.9699,1.077,1.3131,4.4547,0,-122.24
155,2.325,0,1,1,1,0,1,4,206.7,206.7,0,2,0.0,133.3,43.49,102.25,0.3221,0.7574,3.8021,4.9323,1.1087,2.4441,5.5857,0,-124.58
156,2.34,1,1,1,1,0,1,5,300.0,206.7,1,1,66.7,66.7,46.72,97.3,0.346,0.7207,3.7129,4.8827,1.0224,3.5751,0.4335,0,-123.38
157,2.355,1,0,1,0,1,0,3,206.7,113.3,0,1,0.0,66.7,40.21,93.03,0.2978,0.6891,3.6251,4.8022,1.0643,4.706,1.5644,0,-122.03
158,2.37,1,0,1,0,1,1,4,206.7,206.7,0,1,0.0,66.7,34.61,89.36,0.2564,0.6619,3.6798,4.704,1.1361,5.837,2.6954,0,-117.43
159,2.385,1,1,1,0,1,1,5,300.0,206.7,1,2,66.7,133.3,39.07,95.48,0.2894,0.7073,3.69,4.5288,1.0871,0.6848,3.8264,0,-117.38
160,2.4,0,1,0,1,0,1,3,113.3,206.7,1,1,66.7,66.7,42.92,91.47,0.3179,0.6775,3.6179,4.371,1.1171,1.8158,4.9574,0,-117.12
161,2.415,0,1,1,1,0,1,4,206.7,206.7,1,2,66.7,133.3,46.23,97.3,0.3424,0.7207,3.5309,4.3397,1.0969,2.9467,6.0883,0,-118.75
162,2.43,1,1,1,1,0,1,5,300.0,206.7,1,1,66.7,66.7,49.07,93.03,0.3635,0.6891,3.4126,4.3074,1.026,4.0777,0.9361,0,-117.32
163,2.445,1,0,1,0,1,1,4,206.7,206.7,1,1,66.7,66.7,51.52,89.36,0.3817,0.6619,3.4544,4.1926,1.1221,5.2087,2.0671,0,-113.44
164,2.46,1,1,1,0,1,1,5,300.0,206.7,1,2,66.7,133.3,53.63,95.49,0.3973,0.7073,3.5065,4.0969,1.1335,0.0565,3.1981,0,-110.61
165,2.475,0,1,1,0,0,1,3,206.7,113.3,3,1,200.0,66.7,74.02,91.47,0.5483,0.6776,3.5339,3.8651,1.0917,1.1874,4.329,0,-110.04
166,2.49,0,1,1,1,0,1,4,206.7,206.7,1,1,66.7,66.7,73.0,88.02,0.5407,0.652,3.4291,3.7952,1.136,2.3184,5.46,0,-112.63
167,2.505,0,1,1,1,0,1,4,206.7,206.7,2,2,133.3,133.3,81.4,94.33,0.603,0.6987,3.3291,3.7328,1.0556,3.4494,0.3078,0,-113.47
168,2.52,1,1,1,0,1,0,4,300.0,113.3,0,1,0.0,66.7,70.06,90.48,0.519,0.6702,3.2034,3.6057,1.0703,4.5804,1.4388,0,-111.46
169,2.535,1,0,1,0,1,1,4,206.7,206.7,1,2,66.7,133.3,69.59,96.45,0.5155,0.7144,3.2777,3.4988,1.136,5.7113,2.5697,0,-106.63
170,2.55,1,0,1,0,1,1,4,206.7,206.7,1,1,66.7,66.7,69.18,92.3,0.5125,0.6837,3.3177,3.333,1.066,0.5591,3.7007,0,-105.99
171,2.565,0,1,1,1,0,1,4,206.7,206.7,1,1,66.7,66.7,68.83,88.73,0.5099,0.6572,3.2891,3.1374,1.1054,1.6901,4.8317,0,-106.62
172,2.58,0,1,1,1,0,1,4,206.7,206.7,1,2,66.7,133.3,68.53,94.94,0.5076,0.7033,3.1868,3.0878,1.122,2.8211,5.9627,0,-109.27
173,2.595,1,1,1,1,0,1,5,300.0,206.7,2,1,133.3,66.7,77.56,91.0,0.5745,0.6741,3.0566,2.9964,1.0538,3.952,0.8104,0,-108.27
174,2.61,1,0,1,0,1,1,4,206.7,206.7,0,2,0.0,133.3,66.75,96.9,0.4945,0.7178,3.0705,2.8544,1.133,5.083,1.9414,0,-105.52
175,2.625,1,1,1,0,1,1,5,300.0,206.7,1,2,66.7,133.3,66.74,101.97,0.4944,0.7554,3.138,2.7534,1.1386,6.214,3.0724,0,-101.79
176,2.64,1,1,1,0,1,1,5,300.0,206.7,2,1,133.3,66.7,76.02,97.06,0.5631,0.7189,3.214,2.5365,1.0999,1.0618,4.2034,0,-102.04
177,2.655,0,1,0,1,0,1,3,113.3,206.7,0,1,0.0,66.7,65.43,92.82,0.4847,0.6876,3.1117,2.4242,1.1467,2.1928,5.3343,0,-104.71
178,2.67,1,1,1,1,0,1,5,300.0,206.7,0,1,0.0,66.7,56.31,89.18,0.4171,0.6606,3.0079,2.3627,1.0864,3.3237,0.1821,0,-106.81
179,2.685,1,1,1,0,1,0,4,300.0,113.3,1,1,66.7,66.7,57.76,86.04,0.4278,0.6374,2.8732,2.2217,1.0758,4.4547,1.3131,0,-104.7
180,2.7,1,0,1,0,1,1,4,206.7,206.7,1,1,66.7,66.7,59.0,83.34,0.437,0.6174,2.969,2.1275,1.155,5.5857,2.4441,0,-100.2
181,2.715,1,1,1,0,1,1,5,300.0,206.7,0,1,0.0,66.7,50.78,81.02,0.3761,0.6002,3.0193,1.9961,1.0848,0.4335,3.5751,0,-99.55
182,2.73,0,1,1,1,0,1,4,206.7,206.7,2,1,133.3,66.7,62.28,79.02,0.4613,0.5853,3.0432,1.7936,1.1123,1.5644,4.706,0,-99.53
183,2.745,0,1,1,1,0,1,4,206.7,206.7,0,2,0.0,133.3,53.6,86.59,0.3971,0.6414,2.9555,1.7345,1.1387,2.6954,5.837,0,-102.06
184,2.76,1,1,1,1,0,1,5,300.0,206.7,1,1,66.7,66.7,55.42,83.81,0.4105,0.6208,2.8595,1.6462,1.0484,3.8264,0.6848,0,-101.02
185,2.775,1,0,1,0,1,1,4,206.7,206.7,0,1,0.0,66.7,47.7,81.42,0.3534,0.6031,2.8568,1.5289,1.1263,4.9574,1.8158,0,-99.49
186,2.79,1,1,1,0,1,1,5,300.0,206.7,1,2,66.7,133.3,50.34,88.65,0.3729,0.6567,2.9282,1.4492,1.1511,6.0883,2.9467,0,-95.73
187,2.805,1,1,1,0,1,1,5,300.0,206.7,1,1,66.7,66.7,52.62,85.59,0.3898,0.634,3.0131,1.2882,1.0989,0.9361,4.0777,0,-95.77
188,2.82,0,1,0,1,0,1,3,113.3,206.7,1,1,66.7,66.7,54.58,82.96,0.4043,0.6145,2.9548,1.1595,1.1391,2.0671,5.2087,0,-97.18
189,2.835,1,1,1,1,0,1,5,300.0,206.7,1,2,66.7,133.3,56.26,89.97,0.4167,0.6665,2.8743,1.0958,1.0986,3.1981,0.0565,0,-99.14
190,2.85,1,1,1,0,1,0,4,300.0,113.3,0,0,0.0,0.0,48.42,77.44,0.3587,0.5736,2.7736,0.9851,1.058,4.329,1.1874,0,-97.41
191,2.865,1,0,1,0,1,0,3,206.7,113.3,1,2,66.7,133.3,50.96,85.23,0.3775,0.6313,2.8658,0.9045,1.1368,5.46,2.3184,0,-93.19
192,2.88,1,1,1,0,1,1,5,300.0,206.7,1,0,66.7,0.0,53.15,73.35,0.3937,0.5434,2.9307,0.809,1.0911,0.3078,3.4494,0,-91.91
193,2.895,0,1,0,1,0,1,3,113.3,206.7,1,2,66.7,133.3,55.03,81.71,0.4077,0.6053,3.0,0.6162,1.0976,1.4388,4.5804,0,-91.8
194,2.91,0,1,1,1,0,1,4,206.7,206.7,0,2,0.0,133.3,47.37,88.9,0.3509,0.6585,2.9256,0.5462,1.1293,2.5697,5.7113,0,-93.96
195,2.925,1,1,1,1,0,1,5,300.0,206.7,2,1,133.3,66.7,59.34,85.8,0.4396,0.6356,2.8671,0.4536,1.0362,3.7007,0.5591,0,-92.59
196,2.94,1,0,1,0,1,1,4,206.7,206.7,0,1,0.0,66.7,51.08,83.14,0.3783,0.6158,2.852,0.3326,1.0999,4.8317,1.6901,0,-91.56
197,2.955,1,1,1,0,1,1,5,300.0,206.7,1,2,66.7,133.3,53.25,90.13,0.3944,0.6676,2.9344,0.2645,1.1413,5.9627,2.8211,0,-87.6
198,2.97,1,0,1,0,1,1,4,206.7,206.7,0,2,0.0,133.3,45.83,96.15,0.3395,0.7122,3.0358,0.1272,1.0855,0.8104,3.952,0,-87.74
199,2.985,0,1,1,1,0,1,4,206.7,206.7,0,2,0.0,133.3,39.45,101.33,0.2922,0.7506,3.0255,-0.038,1.1256,1.9414,5.083,0,-88.15
200,3.0,1,1,1,1,0,1,5,300.0,206.7,0,1,0.0,66.7,33.95,96.5,0.2515,0.7148,2.959,-0.1101,1.0925,3.0724,6.214,0,-89.81
201,3.015,1,1,1,1,1,1,6,300.0,300.0,0,2,0.0,133.3,29.22,101.63,0.2165,0.7528,2.8731,-0.2062,1.0336,4.2034,1.0618,0,-87.89
202,3.03,1,0,1,0,1,1,4,206.7,206.7,1,2,66.7,133.3,34.44,106.05,0.2551,0.7855,2.9851,-0.257,1.1423,5.3343,2.1928,0,-83.94
203,3.045,1,1,1,0,1,1,5,300.0,206.7,1,1,66.7,66.7,38.93,100.56,0.2884,0.7449,3.0759,-0.3199,1.137,0.1821,3.3237,0,-81.71
204,3.06,0,1,0,0,0,1,2,113.3,113.3,1,1,66.7,66.7,42.79,95.84,0.317,0.7099,3.2,-0.5337,1.1047,1.3131,4.4547,0,-81.08
205,3.075,0,1,1,1,0,1,4,206.7,206.7,2,1,133.3,66.7,55.4,91.78,0.4104,0.6798,3.1566,-0.6261,1.1273,2.4441,5.5857,0,-82.39
206,3.09,1,1,1,1,0,1,5,300.0,206.7,0,1,0.0,66.7,47.69,88.28,0.3532,0.6539,3.1117,-0.7083,1.0374,3.5751,0.4335,0,-81.3
207,3.105,1,0,1,0,1,0,3,206.7,113.3,0,1,0.0,66.7,41.04,85.27,0.304,0.6316,3.0993,-0.8268,1.0724,4.706,1.5644,0,-79.82
208,3.12,1,1,1,0,1,1,5,300.0,206.7,1,1,66.7,66.7,44.61,82.68,0.3305,0.6124,3.1989,-0.8698,1.1367,5.837,2.6954,0,-75.45
209,3.135,1,1,1,0,1,1,5,300.0,206.7,2,1,133.3,66.7,56.97,80.45,0.422,0.5959,3.317,-0.9784,1.0757,0.6848,3.8264,0,-75.36
