cycle,t_sec,contact_l0,contact_l1,contact_l2,contact_r0,contact_r1,contact_r2,n_contacts,fb_rate_left_hz,fb_rate_right_hz,p9_spikes_left,p9_spikes_right,p9_left_hz,p9_right_hz,p9_left_hz_ema,p9_right_hz_ema,cmd_left,cmd_right,thorax_x_mm,thorax_y_mm,thorax_z_mm,cpg_phase_0,cpg_phase_3
0,0.0,1,1,1,1,1,1,6,125.0,125.0,2,2,133.3,133.3,133.33,133.33,0.7407,0.7407,0.6185,-0.0313,1.0776,4.5573,4.5598
1,0.015,1,1,1,1,1,1,6,125.0,125.0,2,2,133.3,133.3,133.33,133.33,0.7407,0.7407,0.6735,-0.0208,1.0501,5.6229,5.7101
2,0.03,1,0,1,1,1,1,5,125.0,125.0,1,2,66.7,133.3,124.05,133.33,0.6892,0.7407,0.6663,0.0492,0.9307,0.3584,0.6029
3,0.045,1,0,1,0,1,1,4,125.0,125.0,2,2,133.3,133.3,125.34,133.33,0.6963,0.7407,0.7174,0.1513,0.8434,1.3281,1.8196
4,0.06,1,1,1,1,1,1,6,125.0,125.0,3,3,200.0,200.0,135.74,142.62,0.7541,0.7923,0.822,0.2275,0.9442,2.2555,3.0935
5,0.075,1,1,1,1,0,1,5,125.0,125.0,1,2,66.7,133.3,126.12,141.33,0.7007,0.7851,0.9436,0.226,0.9995,3.1663,4.4306
6,0.09,1,1,1,1,1,1,6,125.0,125.0,3,2,200.0,133.3,136.41,140.21,0.7578,0.779,1.0266,0.1894,0.9616,4.0966,5.8119
7,0.105,1,0,1,1,1,1,5,125.0,125.0,2,2,133.3,133.3,135.98,139.25,0.7555,0.7736,1.1407,0.1698,0.8762,5.0719,0.9136
8,0.12,1,0,1,0,1,1,4,125.0,125.0,2,2,133.3,133.3,135.61,138.43,0.7534,0.7691,1.1733,0.3299,0.9579,6.0979,2.2615
9,0.135,1,1,1,1,1,1,6,125.0,125.0,2,3,133.3,200.0,135.29,147.01,0.7516,0.8167,1.3906,0.4406,0.8516,0.8813,3.5574
10,0.15,0,1,1,1,0,1,4,125.0,125.0,2,2,133.3,133.3,135.02,145.1,0.7501,0.8061,1.5552,0.4102,0.993,1.9749,4.8059
11,0.165,1,1,1,1,1,1,6,125.0,125.0,2,3,133.3,200.0,134.79,152.75,0.7488,0.8486,1.6377,0.3056,0.9918,3.0849,6.0182
12,0.18,1,1,1,1,1,1,6,125.0,125.0,2,2,133.3,133.3,134.58,150.04,0.7477,0.8336,1.8645,0.1959,0.9685,4.2042,0.9218
13,0.195,1,0,1,0,1,0,3,125.0,125.0,2,2,133.3,133.3,134.41,147.72,0.7467,0.8206,1.9764,0.3129,1.0568,5.3288,2.0911
14,0.21,1,1,1,0,1,1,5,125.0,125.0,2,2,133.3,133.3,134.26,145.71,0.7459,0.8095,2.0582,0.444,1.0493,0.1731,3.2485
15,0.225,0,1,0,1,0,1,3,125.0,125.0,3,2,200.0,133.3,143.42,143.99,0.7968,0.7999,2.289,0.6105,1.0481,1.3021,4.3979
16,0.24,0,1,1,1,0,1,4,125.0,125.0,2,1,133.3,66.7,142.01,133.22,0.789,0.7401,2.4162,0.4927,1.1196,2.4321,5.5418
17,0.255,0,1,1,1,0,1,4,125.0,125.0,2,2,133.3,133.3,140.8,133.23,0.7822,0.7402,2.5827,0.4105,1.0592,3.5626,0.3987
18,0.27,1,0,1,0,1,1,4,125.0,125.0,3,2,200.0,133.3,149.05,133.25,0.8281,0.7403,2.8369,0.3571,1.0864,4.6933,1.5361
19,0.285,1,0,1,0,1,0,3,125.0,125.0,2,2,133.3,133.3,146.86,133.26,0.8159,0.7403,2.9171,0.4965,1.1359,5.8241,2.6717
20,0.3,1,0,1,0,1,1,4,125.0,125.0,1,2,66.7,133.3,135.69,133.27,0.7538,0.7404,3.0809,0.6348,1.0803,0.6719,3.8058
21,0.315,0,1,0,1,0,1,3,125.0,125.0,3,3,200.0,200.0,144.65,142.57,0.8036,0.792,3.2937,0.6595,1.1331,1.8028,4.939
22,0.33,0,1,0,1,0,1,3,125.0,125.0,2,2,133.3,133.3,143.07,141.28,0.7948,0.7849,3.4073,0.5592,1.1372,2.9337,6.0716
23,0.345,0,1,1,1,1,1,5,125.0,125.0,2,2,133.3,133.3,141.72,140.17,0.7873,0.7787,3.6274,0.4263,1.1014,4.0647,0.9205
24,0.36,1,0,1,0,1,1,4,125.0,125.0,3,2,200.0,133.3,149.83,139.22,0.8324,0.7734,3.8005,0.526,1.1581,5.1957,2.0522
25,0.375,1,0,1,0,1,1,4,125.0,125.0,2,2,133.3,133.3,147.54,138.4,0.8196,0.7689,3.8818,0.6528,1.1168,0.0435,3.1837
26,0.39,0,1,0,1,1,1,4,125.0,125.0,3,2,200.0,133.3,154.84,137.69,0.8602,0.765,4.1096,0.8438,1.0914,1.1744,4.3151
27,0.405,0,1,1,1,0,1,4,125.0,125.0,2,2,133.3,133.3,151.85,137.09,0.8436,0.7616,4.2496,0.7199,1.1738,2.3054,5.4464
28,0.42,0,1,1,1,1,1,5,125.0,125.0,3,2,200.0,133.3,158.55,136.56,0.8809,0.7587,4.406,0.628,1.0945,3.4364,0.2943
29,0.435,1,0,1,0,1,1,4,125.0,125.0,2,1,133.3,66.7,155.04,126.83,0.8613,0.7046,4.7022,0.5219,1.102,4.5673,1.4254
30,0.45,1,0,1,0,1,1,4,125.0,125.0,3,2,200.0,133.3,161.3,127.73,0.8961,0.7096,4.7965,0.6668,1.1603,5.6983,2.5565
31,0.465,1,0,1,0,1,1,4,125.0,125.0,1,2,66.7,133.3,148.12,128.51,0.8229,0.714,4.9556,0.7898,1.0788,0.5461,3.6876
32,0.48,0,1,1,1,0,1,4,125.0,125.0,3,3,200.0,200.0,155.35,138.47,0.863,0.7693,5.1863,0.8577,1.1258,1.6771,4.8186
33,0.495,0,1,1,1,0,1,4,125.0,125.0,2,1,133.3,66.7,152.28,128.47,0.846,0.7137,5.2892,0.7377,1.1655,2.8081,5.9496
34,0.51,0,1,1,1,1,1,5,125.0,125.0,2,2,133.3,133.3,149.64,129.15,0.8313,0.7175,5.5102,0.6049,1.1192,3.939,0.7974
35,0.525,1,0,1,0,1,1,4,125.0,125.0,3,2,200.0,133.3,156.66,129.73,0.8703,0.7207,5.7348,0.6512,1.1533,5.07,1.9284
36,0.54,1,0,1,0,1,1,4,125.0,125.0,2,2,133.3,133.3,153.41,130.23,0.8523,0.7235,5.8238,0.778,1.1255,6.201,3.0594
37,0.555,1,1,1,1,1,1,6,125.0,125.0,2,2,133.3,133.3,150.61,130.66,0.8367,0.7259,6.0176,0.9641,1.093,1.0488,4.1903
38,0.57,0,1,1,1,0,1,4,125.0,125.0,3,3,200.0,200.0,157.49,140.32,0.8749,0.7796,6.1716,0.8518,1.1706,2.1797,5.3213
39,0.585,0,1,1,1,1,1,5,125.0,125.0,2,2,133.3,133.3,154.13,139.35,0.8563,0.7742,6.2952,0.7482,1.1134,3.3107,0.1691
40,0.6,1,0,1,0,1,0,3,125.0,125.0,2,2,133.3,133.3,151.23,138.51,0.8402,0.7695,6.5937,0.5996,1.1007,4.4417,1.3001
41,0.615,1,0,1,0,1,1,4,125.0,125.0,3,1,200.0,66.7,158.02,128.5,0.8779,0.7139,6.7084,0.7399,1.1656,5.5727,2.4311
42,0.63,1,0,1,0,1,1,4,125.0,125.0,2,2,133.3,133.3,154.58,129.18,0.8588,0.7176,6.861,0.8514,1.0773,0.4204,3.562
43,0.645,0,1,1,1,0,1,4,125.0,125.0,2,2,133.3,133.3,151.62,129.76,0.8424,0.7209,7.1058,0.954,1.1096,1.5514,4.693
44,0.66,0,1,1,1,0,1,4,125.0,125.0,2,2,133.3,133.3,149.08,130.25,0.8282,0.7236,7.2003,0.8165,1.1741,2.6824,5.824
45,0.675,0,1,1,1,0,1,4,125.0,125.0,2,3,133.3,200.0,146.88,139.97,0.816,0.7776,7.4035,0.6959,1.1085,3.8134,0.6718
46,0.69,1,0,1,0,1,0,3,125.0,125.0,3,2,200.0,133.3,154.28,139.04,0.8571,0.7725,7.653,0.6902,1.1418,4.9443,1.8027
47,0.705,1,0,1,0,1,1,4,125.0,125.0,1,2,66.7,133.3,142.08,138.25,0.7893,0.768,7.7433,0.8132,1.1427,6.0753,2.9337
48,0.72,1,0,1,1,1,1,5,125.0,125.0,3,3,200.0,200.0,150.15,146.85,0.8341,0.8158,7.9355,0.9853,1.1042,0.9231,4.0647
49,0.735,0,1,0,1,0,1,3,125.0,125.0,2,2,133.3,133.3,147.8,144.97,0.8211,0.8054,8.12,0.9051,1.1646,2.0541,5.1957
50,0.75,0,1,1,1,0,1,4,125.0,125.0,2,2,133.3,133.3,145.79,143.35,0.8099,0.7964,8.22,0.7887,1.1254,3.185,0.0435
51,0.765,1,0,1,0,1,1,4,125.0,125.0,2,2,133.3,133.3,144.05,141.95,0.8003,0.7886,8.487,0.6165,1.0998,4.316,1.1744
52,0.78,1,0,1,0,1,0,3,125.0,125.0,2,2,133.3,133.3,142.56,140.75,0.792,0.782,8.6176,0.7489,1.1724,5.447,2.3054
53,0.795,1,0,1,0,1,1,4,125.0,125.0,2,2,133.3,133.3,141.28,139.72,0.7849,0.7762,8.7565,0.8591,1.0916,0.2948,3.4364
54,0.81,0,1,1,1,0,1,4,125.0,125.0,3,3,200.0,200.0,149.45,148.12,0.8303,0.8229,9.0266,0.9957,1.1008,1.4258,4.5673
55,0.825,0,1,1,1,0,1,4,125.0,125.0,1,1,66.7,66.7,137.92,136.77,0.7662,0.7598,9.1246,0.85,1.1736,2.5567,5.6983
56,0.84,0,1,1,1,0,1,4,125.0,125.0,2,2,133.3,133.3,137.28,136.29,0.7627,0.7572,9.306,0.7411,1.0918,3.6877,0.5461
57,0.855,1,0,1,0,1,1,4,125.0,125.0,1,2,66.7,133.3,127.45,135.88,0.708,0.7549,9.5495,0.6913,1.1297,4.8187,1.6771
58,0.87,1,0,1,0,1,1,4,125.0,125.0,3,2,200.0,133.3,137.55,135.52,0.7642,0.7529,9.6404,0.8106,1.1606,5.9497,2.8081
59,0.885,1,0,1,0,1,1,4,125.0,125.0,2,2,133.3,133.3,136.97,135.22,0.7609,0.7512,9.8254,0.9557,1.1034,0.7974,3.939
60,0.9,0,1,0,1,0,1,3,125.0,125.0,2,2,133.3,133.3,136.46,134.96,0.7581,0.7498,10.0307,0.9204,1.1517,1.9284,5.07
61,0.915,0,1,1,1,0,1,4,125.0,125.0,2,2,133.3,133.3,136.02,134.73,0.7557,0.7485,10.1269,0.8084,1.1351,3.0594,6.201
62,0.93,1,1,1,1,1,1,6,125.0,125.0,2,3,133.3,200.0,135.65,143.82,0.7536,0.799,10.3426,0.6429,1.104,4.1904,1.0488
63,0.945,1,0,1,0,1,1,4,125.0,125.0,3,2,200.0,133.3,144.61,142.36,0.8034,0.7909,10.4948,0.7501,1.1686,5.3213,2.1797
64,0.96,1,1,1,0,1,1,5,125.0,125.0,2,2,133.3,133.3,143.04,141.1,0.7947,0.7839,10.6074,0.8613,1.1091,0.1691,3.3107
65,0.975,0,1,1,1,0,1,4,125.0,125.0,2,1,133.3,66.7,141.69,130.74,0.7872,0.7263,10.8693,1.0155,1.0963,1.3001,4.4417
66,0.99,0,1,1,1,0,1,4,125.0,125.0,2,2,133.3,133.3,140.53,131.1,0.7807,0.7283,10.9738,0.873,1.1755,2.4311,5.5727
67,1.005,0,1,1,1,1,1,5,125.0,125.0,2,2,133.3,133.3,139.52,131.41,0.7751,0.73,11.1341,0.7729,1.0871,3.562,0.4204
68,1.02,1,0,1,0,1,0,3,125.0,125.0,3,2,200.0,133.3,147.95,131.68,0.8219,0.7315,11.3957,0.6765,1.1126,4.693,1.5514
69,1.035,1,0,1,0,1,1,4,125.0,125.0,1,2,66.7,133.3,136.63,131.91,0.759,0.7328,11.4865,0.803,1.1627,5.824,2.6824
70,1.05,1,0,1,0,1,1,4,125.0,125.0,3,2,200.0,133.3,145.45,132.11,0.8081,0.7339,11.6658,0.9229,1.0927,0.6718,3.8134
71,1.065,0,1,0,1,0,1,3,125.0,125.0,2,2,133.3,133.3,143.77,132.28,0.7987,0.7349,11.8857,0.9231,1.1428,1.8027,4.9443
72,1.08,0,1,1,1,0,1,4,125.0,125.0,2,3,133.3,200.0,142.31,141.71,0.7906,0.7873,11.9836,0.8105,1.1497,2.9337,6.0753
73,1.095,0,1,1,1,1,1,5,125.0,125.0,2,2,133.3,133.3,141.06,140.54,0.7837,0.7808,12.184,0.6502,1.1093,4.0647,0.9231
74,1.11,1,0,1,0,1,1,4,125.0,125.0,3,2,200.0,133.3,149.27,139.54,0.8293,0.7752,12.3725,0.7216,1.1615,5.1957,2.0541
75,1.125,1,0,1,0,1,1,4,125.0,125.0,3,3,200.0,200.0,156.34,147.96,0.8685,0.822,12.4752,0.8386,1.1184,0.0435,3.185
76,1.14,0,1,0,1,1,1,4,125.0,125.0,1,2,66.7,133.3,143.85,145.92,0.7991,0.8107,12.7277,1.0062,1.0925,1.1744,4.316
77,1.155,0,1,1,1,0,1,4,125.0,125.0,3,2,200.0,133.3,151.67,144.17,0.8426,0.8009,12.8564,0.8674,1.1716,2.3054,5.447
78,1.17,0,1,1,1,0,1,4,125.0,125.0,2,2,133.3,133.3,149.11,142.66,0.8284,0.7926,12.9981,0.7573,1.0912,3.4364,0.2948
79,1.185,1,0,1,0,1,0,3,125.0,125.0,2,3,133.3,200.0,146.92,150.65,0.8162,0.8369,13.2736,0.6168,1.1,4.5673,1.4258
80,1.2,1,0,1,0,1,1,4,125.0,125.0,2,2,133.3,133.3,145.02,148.24,0.8057,0.8235,13.3787,0.7606,1.1703,5.6983,2.5567
81,1.215,1,1,1,0,1,1,5,125.0,125.0,2,1,133.3,66.7,143.4,136.87,0.7966,0.7604,13.5656,0.8711,1.0877,0.5461,3.6877
82,1.23,0,1,0,1,0,1,3,125.0,125.0,2,2,133.3,133.3,141.99,136.38,0.7889,0.7577,13.816,0.9203,1.1266,1.6771,4.8187
83,1.245,0,1,1,1,0,1,4,125.0,125.0,2,2,133.3,133.3,140.79,135.96,0.7822,0.7553,13.9032,0.7944,1.1594,2.8081,5.9497
84,1.26,0,1,1,1,0,1,4,125.0,125.0,2,3,133.3,200.0,139.75,144.88,0.7764,0.8049,14.0968,0.6458,1.1093,3.939,0.7974
85,1.275,1,0,1,0,1,1,4,125.0,125.0,2,2,133.3,133.3,138.86,143.27,0.7714,0.7959,14.3083,0.6818,1.157,5.07,1.9284
86,1.29,1,0,1,0,1,1,4,125.0,125.0,3,2,200.0,133.3,147.37,141.88,0.8187,0.7882,14.4122,0.7978,1.1353,6.201,3.0594
87,1.305,1,1,1,0,1,1,5,125.0,125.0,3,2,200.0,133.3,154.7,140.69,0.8595,0.7816,14.6375,0.9699,1.1021,1.0488,4.1904
88,1.32,0,1,0,1,0,1,3,125.0,125.0,2,2,133.3,133.3,151.73,139.67,0.8429,0.7759,14.7901,0.8544,1.1697,2.1797,5.3213
89,1.335,0,1,1,1,1,1,5,125.0,125.0,2,3,133.3,200.0,149.16,148.07,0.8287,0.8226,14.9031,0.7355,1.1069,3.3107,0.1691
90,1.35,1,0,1,0,1,0,3,125.0,125.0,2,2,133.3,133.3,146.96,146.02,0.8164,0.8112,15.1789,0.564,1.0923,4.4417,1.3001
91,1.365,1,0,1,0,1,0,3,125.0,125.0,4,2,266.7,133.3,163.63,144.25,0.9091,0.8014,15.3046,0.7014,1.1644,5.5727,2.4311
92,1.38,1,1,1,0,1,1,5,125.0,125.0,2,2,133.3,133.3,159.41,142.73,0.8856,0.793,15.4749,0.8038,1.0763,0.4204,3.562
93,1.395,0,1,0,1,0,1,3,125.0,125.0,2,3,133.3,200.0,155.78,150.71,0.8654,0.8373,15.7487,0.899,1.1029,1.5514,4.693
94,1.41,0,1,1,1,0,1,4,125.0,125.0,1,2,66.7,133.3,143.37,148.29,0.7965,0.8238,15.8399,0.755,1.162,2.6824,5.824
95,1.425,0,1,0,1,0,1,3,125.0,125.0,1,2,66.7,133.3,132.68,146.21,0.7371,0.8123,16.0314,0.6203,1.0978,3.8134,0.6718
96,1.44,1,0,1,0,1,0,3,125.0,125.0,2,2,133.3,133.3,132.77,144.41,0.7376,0.8023,16.2632,0.61,1.1407,4.9443,1.8027
97,1.455,1,0,1,0,1,1,4,125.0,125.0,2,2,133.3,133.3,132.85,142.87,0.7381,0.7937,16.359,0.7283,1.1487,6.0753,2.9337
98,1.47,1,1,1,0,1,1,5,125.0,125.0,2,2,133.3,133.3,132.92,141.54,0.7384,0.7863,16.5696,0.8927,1.1105,0.9231,4.0647
99,1.485,0,1,1,1,0,1,4,125.0,125.0,3,3,200.0,200.0,142.26,149.68,0.7903,0.8316,16.7566,0.8146,1.1602,2.0541,5.1957
