cycle,t_sec,contact_l0,contact_l1,contact_l2,contact_r0,contact_r1,contact_r2,n_contacts,fb_rate_left_hz,fb_rate_right_hz,p9_spikes_left,p9_spikes_right,p9_left_hz,p9_right_hz,cmd_left,cmd_right,thorax_x_mm,thorax_y_mm,thorax_z_mm,cpg_phase_0,cpg_phase_3
0,0.0,1,1,1,1,1,1,6,200.0,200.0,2,2,133.3,133.3,0.7407,0.7407,0.6185,-0.0313,1.0776,4.5573,4.5598
1,0.015,1,1,1,1,1,1,6,200.0,200.0,3,3,200.0,200.0,1.0,1.0,0.6972,-0.0233,1.0513,5.6135,5.7133
2,0.03,1,0,1,1,1,0,4,150.0,150.0,2,2,133.3,133.3,0.7407,0.7407,0.6878,0.059,0.9197,0.3273,0.6169
3,0.045,1,1,1,0,1,1,5,200.0,150.0,3,3,200.0,200.0,1.0,1.0,0.7511,0.1757,0.8214,1.2613,1.8607
4,0.06,0,1,1,1,1,1,5,150.0,200.0,1,2,66.7,133.3,0.3704,0.7407,0.8905,0.2595,0.9269,2.1597,3.1729
5,0.075,1,1,1,1,1,1,6,200.0,200.0,3,3,200.0,200.0,1.0,1.0,1.0238,0.2625,0.9732,3.0579,4.5469
6,0.09,1,1,1,1,1,1,6,200.0,200.0,3,3,200.0,200.0,1.0,1.0,1.1248,0.2177,0.9381,3.9861,5.9679
7,0.105,1,0,1,1,1,1,5,150.0,200.0,2,3,133.3,200.0,0.7407,1.0,1.276,0.1881,0.8402,4.976,1.0771
8,0.12,1,0,1,0,1,1,4,150.0,150.0,2,3,133.3,200.0,0.7407,1.0,1.277,0.3819,0.9561,6.0224,2.3988
9,0.135,1,1,1,0,1,1,5,200.0,150.0,3,2,200.0,133.3,1.0,0.7407,1.5176,0.5292,0.8588,0.8257,3.6615
10,0.15,0,1,1,1,0,1,4,150.0,150.0,2,3,133.3,200.0,0.7407,1.0,1.7137,0.505,0.9983,1.9343,4.8802
11,0.165,1,1,1,1,1,1,6,200.0,200.0,2,2,133.3,133.3,0.7407,0.7407,1.7969,0.3857,0.9997,3.0539,6.0674
12,0.18,1,1,1,1,1,1,6,200.0,200.0,3,3,200.0,200.0,1.0,1.0,2.0533,0.2718,1.0021,4.1792,0.9531
13,0.195,1,0,1,0,1,1,4,150.0,150.0,3,2,200.0,133.3,1.0,0.7407,2.2053,0.4042,1.0744,5.3076,2.1104
14,0.21,1,0,1,1,1,1,5,150.0,200.0,2,2,133.3,133.3,0.7407,0.7407,2.2648,0.5473,1.0566,0.1543,3.2588
15,0.225,0,1,0,1,1,1,4,100.0,200.0,2,3,133.3,200.0,0.7407,1.0,2.5171,0.738,1.0558,1.2846,4.4011
16,0.24,0,1,1,1,0,1,4,150.0,150.0,3,2,200.0,133.3,1.0,0.7407,2.6565,0.6054,1.1409,2.4152,5.5399
17,0.255,0,1,1,1,0,1,4,150.0,150.0,2,2,133.3,133.3,0.7407,0.7407,2.8398,0.5201,1.0759,3.5461,0.3929
18,0.27,1,0,1,0,1,0,3,150.0,100.0,3,2,200.0,133.3,1.0,0.7407,3.1319,0.4599,1.0955,4.677,1.5275
19,0.285,1,0,1,0,1,0,3,150.0,100.0,2,2,133.3,133.3,0.7407,0.7407,3.2009,0.6101,1.1481,5.8079,2.661
20,0.3,1,1,1,0,1,1,5,200.0,150.0,3,2,200.0,133.3,1.0,0.7407,3.3674,0.7558,1.0822,0.6557,3.7936
21,0.315,0,1,1,1,0,1,4,150.0,150.0,2,2,133.3,133.3,0.7407,0.7407,3.5859,0.7885,1.1365,1.7867,4.9258
22,0.33,0,1,1,1,0,1,4,150.0,150.0,2,3,133.3,200.0,0.7407,1.0,3.7186,0.693,1.1354,2.9177,6.0575
23,0.345,0,1,1,1,1,1,5,150.0,200.0,2,2,133.3,133.3,0.7407,0.7407,3.9448,0.5612,1.0996,4.0487,0.9059
24,0.36,1,0,1,0,1,1,4,150.0,150.0,3,2,200.0,133.3,1.0,0.7407,4.1359,0.661,1.1558,5.1796,2.0372
25,0.375,1,0,1,0,1,1,4,150.0,150.0,2,3,133.3,200.0,0.7407,1.0,4.2036,0.8042,1.1197,0.0274,3.1684
26,0.39,0,1,1,1,0,1,4,150.0,150.0,3,2,200.0,133.3,1.0,0.7407,4.4356,1.0146,1.0922,1.1584,4.2996
27,0.405,0,1,1,1,0,1,4,150.0,150.0,2,3,133.3,200.0,0.7407,1.0,4.603,0.9007,1.1686,2.2894,5.4307
28,0.42,0,1,1,1,1,1,5,150.0,200.0,2,2,133.3,133.3,0.7407,0.7407,4.7509,0.8046,1.0932,3.4203,0.2786
29,0.435,1,0,1,0,1,0,3,150.0,100.0,3,1,200.0,66.7,1.0,0.3704,5.0614,0.702,1.0993,4.5513,1.4096
30,0.45,1,0,1,0,1,1,4,150.0,150.0,3,2,200.0,133.3,1.0,0.7407,5.1625,0.8445,1.1519,5.6823,2.5406
31,0.465,1,0,1,0,1,1,4,150.0,150.0,2,2,133.3,133.3,0.7407,0.7407,5.3133,0.9697,1.0736,0.5301,3.6716
32,0.48,0,1,0,1,0,1,3,100.0,150.0,1,2,66.7,133.3,0.3704,0.7407,5.5337,1.0461,1.1207,1.661,4.8026
33,0.495,0,1,1,1,0,1,4,150.0,150.0,3,3,200.0,200.0,1.0,1.0,5.6588,0.9499,1.1422,2.792,5.9336
34,0.51,0,1,1,1,0,1,4,150.0,150.0,2,2,133.3,133.3,0.7407,0.7407,5.856,0.8394,1.0872,3.923,0.7814
35,0.525,1,0,1,0,1,0,3,150.0,100.0,2,2,133.3,133.3,0.7407,0.7407,6.0538,0.9013,1.1474,5.054,1.9124
36,0.54,1,0,1,0,1,1,4,150.0,150.0,2,1,133.3,66.7,0.7407,0.3704,6.1298,1.0117,1.1232,6.1849,3.0433
37,0.555,1,1,1,1,1,1,6,200.0,200.0,3,3,200.0,200.0,1.0,1.0,6.3227,1.1901,1.0925,1.0327,4.1743
38,0.57,0,1,1,1,0,1,4,150.0,150.0,3,2,200.0,133.3,1.0,0.7407,6.488,1.0918,1.1682,2.1637,5.3053
39,0.585,0,1,1,1,1,1,5,150.0,200.0,2,3,133.3,200.0,0.7407,1.0,6.6284,0.9887,1.1054,3.2947,0.1531
40,0.6,1,0,1,0,1,0,3,150.0,100.0,2,2,133.3,133.3,0.7407,0.7407,6.9164,0.8466,1.0901,4.4256,1.284
41,0.615,1,0,1,0,1,1,4,150.0,150.0,3,2,200.0,133.3,1.0,0.7407,7.0345,0.9947,1.1611,5.5566,2.415
42,0.63,1,0,1,0,1,1,4,150.0,150.0,2,3,133.3,200.0,0.7407,1.0,7.1837,1.1175,1.0756,0.4044,3.546
43,0.645,0,1,0,1,0,1,3,100.0,150.0,2,2,133.3,133.3,0.7407,0.7407,7.4426,1.2452,1.1017,1.5354,4.677
44,0.66,0,1,1,1,0,1,4,150.0,150.0,2,2,133.3,133.3,0.7407,0.7407,7.5409,1.1133,1.1603,2.6664,5.8079
45,0.675,0,1,1,1,1,1,5,150.0,200.0,2,3,133.3,200.0,0.7407,1.0,7.7456,1.0103,1.0952,3.7973,0.6557
46,0.69,1,0,1,0,1,1,4,150.0,150.0,2,2,133.3,133.3,0.7407,0.7407,7.9746,1.0275,1.143,4.9283,1.7867
47,0.705,1,0,1,0,1,1,4,150.0,150.0,2,2,133.3,133.3,0.7407,0.7407,8.054,1.1512,1.1513,6.0593,2.9177
48,0.72,1,0,1,0,1,1,4,150.0,150.0,2,3,133.3,200.0,0.7407,1.0,8.2456,1.3348,1.1114,0.9071,4.0487
49,0.735,0,1,1,1,0,1,4,150.0,150.0,3,2,200.0,133.3,1.0,0.7407,8.4483,1.2864,1.159,2.038,5.1796
50,0.75,0,1,1,1,0,1,4,150.0,150.0,1,2,66.7,133.3,0.3704,0.7407,8.5443,1.1766,1.1215,3.169,0.0274
51,0.765,1,0,1,0,1,0,3,150.0,100.0,3,2,200.0,133.3,1.0,0.7407,8.815,1.0223,1.0961,4.3,1.1584
52,0.78,1,0,1,0,1,1,4,150.0,150.0,2,2,133.3,133.3,0.7407,0.7407,8.9316,1.1634,1.1707,5.431,2.2894
53,0.795,1,0,1,0,1,1,4,150.0,150.0,2,2,133.3,133.3,0.7407,0.7407,9.0466,1.2805,1.0919,0.2787,3.4203
54,0.81,0,1,0,1,0,1,3,100.0,150.0,3,2,200.0,133.3,1.0,0.7407,9.294,1.4432,1.0962,1.4097,4.5513
55,0.825,0,1,1,1,0,1,4,150.0,150.0,1,2,66.7,133.3,0.3704,0.7407,9.4028,1.3155,1.1685,2.5407,5.6823
56,0.84,0,1,1,1,0,1,4,150.0,150.0,3,2,200.0,133.3,1.0,0.7407,9.5847,1.2282,1.0893,3.6717,0.5301
57,0.855,1,0,1,0,1,0,3,150.0,100.0,2,2,133.3,133.3,0.7407,0.7407,9.8375,1.1985,1.1231,4.8026,1.661
58,0.87,1,0,1,0,1,1,4,150.0,150.0,3,2,200.0,133.3,1.0,0.7407,9.935,1.3207,1.1456,5.9336,2.792
59,0.885,1,0,1,0,1,1,4,150.0,150.0,2,3,133.3,200.0,0.7407,1.0,10.1055,1.475,1.0884,0.7814,3.923
60,0.9,0,1,0,1,0,1,3,100.0,150.0,2,2,133.3,133.3,0.7407,0.7407,10.322,1.4632,1.1429,1.9124,5.054
61,0.915,0,1,1,1,0,1,4,150.0,150.0,3,2,200.0,133.3,1.0,0.7407,10.4265,1.3456,1.1329,3.0433,6.1849
62,0.93,1,1,1,1,1,1,6,200.0,200.0,2,3,133.3,200.0,0.7407,1.0,10.6724,1.1914,1.1038,4.1743,1.0327
63,0.945,1,0,1,0,1,0,3,150.0,100.0,2,3,133.3,200.0,0.7407,1.0,10.8195,1.3239,1.1757,5.3053,2.1637
64,0.96,1,0,1,0,1,1,4,150.0,150.0,3,2,200.0,133.3,1.0,0.7407,10.9341,1.4534,1.1067,0.1531,3.2947
65,0.975,0,1,1,1,0,1,4,150.0,150.0,1,2,66.7,133.3,0.3704,0.7407,11.1937,1.6416,1.094,1.284,4.4256
66,0.99,0,1,1,1,0,1,4,150.0,150.0,2,2,133.3,133.3,0.7407,0.7407,11.3123,1.5157,1.1651,2.415,5.5566
67,1.005,0,1,1,1,0,1,4,150.0,150.0,3,2,200.0,133.3,1.0,0.7407,11.4763,1.4297,1.0805,3.546,0.4044
68,1.02,1,0,1,0,1,0,3,150.0,100.0,3,2,200.0,133.3,1.0,0.7407,11.7632,1.3542,1.1054,4.677,1.5354
69,1.035,1,0,1,0,1,1,4,150.0,150.0,2,2,133.3,133.3,0.7407,0.7407,11.837,1.4982,1.1568,5.8079,2.6664
70,1.05,1,1,1,0,1,1,5,200.0,150.0,2,3,133.3,200.0,0.7407,1.0,12.0063,1.6366,1.0897,0.6557,3.7973
71,1.065,0,1,1,1,0,1,4,150.0,150.0,2,1,133.3,66.7,0.7407,0.3704,12.2117,1.6599,1.1393,1.7867,4.9283
72,1.08,0,1,1,1,0,1,4,150.0,150.0,3,3,200.0,200.0,1.0,1.0,12.3368,1.5588,1.1458,2.9177,6.0593
73,1.095,0,1,1,1,0,1,4,150.0,150.0,3,2,200.0,133.3,1.0,0.7407,12.5546,1.42,1.0994,4.0487,0.9071
74,1.11,1,0,1,0,1,1,4,150.0,150.0,2,2,133.3,133.3,0.7407,0.7407,12.7465,1.5039,1.151,5.1796,2.038
75,1.125,1,0,1,0,1,1,4,150.0,150.0,2,3,133.3,200.0,0.7407,1.0,12.8186,1.6424,1.1181,0.0274,3.169
76,1.14,0,1,1,1,0,1,4,150.0,150.0,2,2,133.3,133.3,0.7407,0.7407,13.0612,1.8303,1.0937,1.1584,4.3
77,1.155,0,1,1,1,0,1,4,150.0,150.0,2,2,133.3,133.3,0.7407,0.7407,13.1979,1.7038,1.1733,2.2894,5.431
78,1.17,0,1,1,1,0,1,4,150.0,150.0,2,2,133.3,133.3,0.7407,0.7407,13.3396,1.6103,1.0942,3.4203,0.2787
79,1.185,1,0,1,0,1,0,3,150.0,100.0,2,3,133.3,200.0,0.7407,1.0,13.6183,1.4958,1.099,4.5513,1.4097
80,1.2,1,0,1,0,1,1,4,150.0,150.0,3,2,200.0,133.3,1.0,0.7407,13.7262,1.6455,1.1702,5.6823,2.5407
81,1.215,1,0,1,0,1,1,4,150.0,150.0,2,2,133.3,133.3,0.7407,0.7407,13.8963,1.7719,1.0874,0.5301,3.6717
82,1.23,0,1,0,1,0,1,3,100.0,150.0,2,2,133.3,133.3,0.7407,0.7407,14.1368,1.8489,1.1263,1.661,4.8026
83,1.245,0,1,0,1,0,1,3,100.0,150.0,1,2,66.7,133.3,0.3704,0.7407,14.2343,1.743,1.1547,2.792,5.9336
84,1.26,0,1,1,1,0,1,4,150.0,150.0,2,3,133.3,200.0,0.7407,1.0,14.4293,1.6221,1.1027,3.923,0.7814
85,1.275,1,0,1,0,1,0,3,150.0,100.0,2,2,133.3,133.3,0.7407,0.7407,14.622,1.6841,1.1584,5.054,1.9124
86,1.29,1,0,1,0,1,1,4,150.0,150.0,3,2,200.0,133.3,1.0,0.7407,14.7353,1.7979,1.1335,6.1849,3.0433
87,1.305,1,1,1,0,1,1,5,200.0,150.0,3,2,200.0,133.3,1.0,0.7407,14.931,1.99,1.0977,1.0327,4.1743
88,1.32,0,1,1,1,0,1,4,150.0,150.0,3,2,200.0,133.3,1.0,0.7407,15.0984,1.8902,1.1706,2.1637,5.3053
89,1.335,0,1,1,1,0,1,4,150.0,150.0,2,3,133.3,200.0,0.7407,1.0,15.237,1.7883,1.1054,3.2947,0.1531
90,1.35,1,0,1,0,1,1,4,150.0,150.0,1,2,66.7,133.3,0.3704,0.7407,15.5137,1.6474,1.0905,4.4256,1.284
91,1.365,1,0,1,0,1,1,4,150.0,150.0,3,3,200.0,200.0,1.0,1.0,15.623,1.802,1.1736,5.5566,2.415
92,1.38,1,0,1,0,1,1,4,150.0,150.0,3,2,200.0,133.3,1.0,0.7407,15.7926,1.9189,1.0783,0.4044,3.546
93,1.395,0,1,0,1,0,1,3,100.0,150.0,2,2,133.3,133.3,0.7407,0.7407,16.0471,2.0464,1.1049,1.5354,4.677
94,1.41,0,1,0,1,0,1,3,100.0,150.0,2,3,133.3,200.0,0.7407,1.0,16.1673,1.9225,1.1542,2.6664,5.8079
95,1.425,0,1,1,1,0,1,4,150.0,150.0,2,2,133.3,133.3,0.7407,0.7407,16.3682,1.8161,1.0885,3.7973,0.6557
96,1.44,1,0,1,0,1,1,4,150.0,150.0,2,2,133.3,133.3,0.7407,0.7407,16.5953,1.8305,1.138,4.9283,1.7867
97,1.455,1,0,1,0,1,1,4,150.0,150.0,2,1,133.3,66.7,0.7407,0.3704,16.6718,1.9404,1.137,6.0593,2.9177
98,1.47,1,1,1,0,1,1,5,200.0,150.0,3,2,200.0,133.3,1.0,0.7407,16.8459,2.1071,1.0983,0.9071,4.0487
99,1.485,0,1,1,1,0,1,4,150.0,150.0,3,3,200.0,200.0,1.0,1.0,17.0482,2.0462,1.1615,2.038,5.1796
