root_id,cell_type,side,n_inputs,total_abs_weight,visual_net,visual_abs,visual_frac,ascending_net,visual_ipsi_frac
720575940624402173,DNpe053,left,1369,7052.0,14.0,68.0,0.009642655,90.0,0.6829268336296082
720575940627055303,DNp53,left,168,714.0,97.0,139.0,0.19467787,-5.0,0.4406779706478119
720575940631082808,MDN,left,467,2655.0,-60.0,64.0,0.024105461,22.0,1.0
720575940623037720,DNge104,left,497,1408.0,0.0,0.0,0.0,-358.0,
720575940629543409,DNg68,left,331,1744.0,0.0,0.0,0.0,192.0,
720575940618666142,DNg33,left,112,489.0,3.0,5.0,0.010224949,133.0,0.0
720575940638109668,DNg89,left,159,729.0,2.0,2.0,0.0027434842,-66.0,0.0
720575940630697078,DNg80,left,236,1200.0,0.0,0.0,0.0,170.0,
720575940610610841,DNg26,right,141,607.0,1.0,1.0,0.0016474464,106.0,0.0
720575940618870881,DNpe009,left,51,113.0,-3.0,3.0,0.026548672,-2.0,
720575940608145026,DNpe027,left,430,2941.0,88.0,462.0,0.15708943,178.0,0.8763636350631714
720575940619905916,DNge085,left,16,20.0,0.0,0.0,0.0,-2.0,
720575940625306603,DNge011,left,324,1288.0,1.0,1.0,0.00077639753,56.0,1.0
720575940612014131,DNg02_a,left,18,25.0,0.0,0.0,0.0,-4.0,
720575940620804566,DNge094,left,103,249.0,47.0,49.0,0.19678715,2.0,0.6041666865348816
720575940624877360,DNg102,left,418,2100.0,7.0,11.0,0.0052380953,409.0,1.0
720575940614843275,DNg82,left,276,1323.0,323.0,397.0,0.3000756,-20.0,0.9333333373069763
720575940611462885,DNg92_a,left,181,546.0,15.0,35.0,0.06410257,-33.0,0.6399999856948853
720575940614730914,DNg75,left,626,10479.0,-114.0,218.0,0.020803511,72.0,0.7884615659713745
720575940626229337,DNge015,left,54,115.0,0.0,0.0,0.0,-8.0,
720575940612058543,DNge145,left,164,634.0,1.0,1.0,0.0015772871,56.0,0.0
720575940632626402,DNge111,left,105,313.0,-1.0,1.0,0.0031948881,-29.0,
720575940639159797,DNg51,left,290,2073.0,32.0,40.0,0.019295707,-70.0,0.8611111044883728
720575940611881139,DNge068,left,143,618.0,3.0,3.0,0.004854369,14.0,1.0
720575940622579967,DNg29,left,571,3422.0,8.0,8.0,0.002337814,-247.0,0.875
720575940621082111,DNge061,left,2,3.0,0.0,0.0,0.0,0.0,
720575940625187940,DNge091,left,98,518.0,-1.0,1.0,0.0019305019,7.0,
720575940621700789,DNg36_b,left,41,96.0,16.0,20.0,0.20833333,-3.0,0.8888888955116272
720575940633228172,DNg48,left,429,2778.0,0.0,0.0,0.0,-242.0,
720575940637612974,DNge105,left,349,1213.0,0.0,4.0,0.0032976093,90.0,1.0
720575940618519454,DNge025,left,182,702.0,0.0,0.0,0.0,-20.0,
720575940625872688,DNg12_a,left,92,450.0,0.0,0.0,0.0,43.0,
720575940620156283,DNp30,left,760,1618.0,-4.0,26.0,0.01606922,128.0,0.4545454680919647
720575940624801771,DNpe040,left,479,1899.0,160.0,188.0,0.09899947,18.0,0.9942528605461121
720575940621947653,DNg64,right,238,1022.0,-2.0,2.0,0.0019569471,95.0,
720575940610604078,DNge136,right,433,1701.0,2.0,2.0,0.0011757789,222.0,0.0
720575940620300308,DNg97,right,719,10434.0,-169.0,693.0,0.06641748,495.0,0.6335877776145935
720575940633228103,DNp30,right,746,1604.0,-6.0,46.0,0.028678304,84.0,0.550000011920929
720575940628487153,DNge085,right,32,73.0,0.0,0.0,0.0,-2.0,
720575940614129617,DNge019,right,96,353.0,0.0,0.0,0.0,-9.0,
720575940625870640,DNg15,right,765,6443.0,7.0,7.0,0.0010864504,-27.0,0.0
720575940623338281,DNg98,right,540,2614.0,0.0,0.0,0.0,143.0,
720575940640325429,DNa06,right,535,7543.0,-52.0,164.0,0.021742012,-293.0,0.9642857313156128
720575940632836675,DNp41,right,130,815.0,-47.0,181.0,0.2220859,45.0,0.6716417670249939
720575940622204186,DNae003,right,483,4812.0,39.0,69.0,0.014339152,-86.0,0.25925925374031067
720575940632512156,DNpe038,right,197,458.0,0.0,0.0,0.0,44.0,
720575940603980256,oviDNb,right,77,148.0,0.0,0.0,0.0,-2.0,
720575940621196037,DNpe044,right,108,216.0,0.0,0.0,0.0,25.0,
720575940641781133,DNg12_e,right,102,400.0,0.0,0.0,0.0,43.0,
720575940615958203,DNg12_a,right,97,632.0,0.0,0.0,0.0,34.0,
720575940605282406,DNg12_e,right,104,412.0,0.0,0.0,0.0,7.0,
720575940627419676,DNge034,right,128,817.0,3.0,3.0,0.0036719707,78.0,1.0
720575940615659521,DNge091,right,95,438.0,5.0,5.0,0.011415525,-1.0,1.0
720575940614181585,DNg07,right,89,218.0,-1.0,1.0,0.0045871558,-17.0,
720575940625642302,DNge020,right,52,176.0,0.0,0.0,0.0,-3.0,
720575940612804606,DNg02_a,right,93,262.0,-2.0,4.0,0.015267176,-16.0,0.0
720575940637530084,DNge001,right,96,420.0,0.0,0.0,0.0,14.0,
720575940627949589,DNp18,right,424,5481.0,133.0,817.0,0.14906038,109.0,0.503157913684845
720575940623582867,DNp46,right,191,302.0,3.0,5.0,0.01655629,4.0,1.0
720575940604737708,DNa02,right,751,13159.0,-73.0,375.0,0.028497607,260.0,0.7019867300987244
720575940620380449,DNae002,right,642,10478.0,512.0,854.0,0.08150411,17.0,0.8199121356010437
720575940625747812,DNp49,right,422,1986.0,77.0,87.0,0.043806646,65.0,0.5731707215309143
720575940633095137,DNp71,right,701,4791.0,744.0,796.0,0.16614485,-12.0,1.0
720575940623222712,DNg03,right,26,59.0,0.0,0.0,0.0,-3.0,
720575940622929193,DNg36_a,right,53,151.0,8.0,12.0,0.0794702,16.0,0.6000000238418579
720575940647478148,DNg07,right,54,138.0,0.0,0.0,0.0,-22.0,
720575940623899082,DNge094,right,57,127.0,13.0,13.0,0.10236221,7.0,0.7692307829856873
720575940623137212,DNge044,left,164,727.0,0.0,0.0,0.0,13.0,
720575940637424547,DNg06,right,70,162.0,0.0,2.0,0.012345679,-4.0,0.0
720575940626295396,DNg85,right,472,3018.0,0.0,0.0,0.0,-275.0,
720575940624154604,DNge087,right,48,177.0,-5.0,5.0,0.028248588,26.0,
720575940627087646,DNg74_b,right,417,5976.0,-5.0,5.0,0.00083668006,655.0,
720575940631469452,DNge134,left,37,79.0,0.0,0.0,0.0,-7.0,
720575940631342073,DNge122,right,502,1830.0,0.0,0.0,0.0,-391.0,
720575940631299855,DNg49,right,140,426.0,24.0,32.0,0.07511737,61.0,0.9642857313156128
720575940610173048,DNg28,right,258,1399.0,0.0,0.0,0.0,-201.0,
720575940646764579,DNge006,left,42,166.0,6.0,6.0,0.036144577,12.0,0.0
720575940615323298,DNg72,left,91,483.0,0.0,0.0,0.0,-13.0,
720575940624651189,DNge084,left,300,1209.0,-11.0,13.0,0.010752688,59.0,0.0
720575940634525303,DNge071,left,8,12.0,0.0,0.0,0.0,1.0,
720575940630665210,DNg28,left,216,1443.0,0.0,0.0,0.0,-198.0,
720575940618167579,DNae001,left,349,2333.0,-7.0,7.0,0.0030004287,11.0,
720575940627368723,DNde005,left,331,1943.0,-21.0,63.0,0.032424085,156.0,1.0
720575940634253281,DNae003,left,505,5103.0,49.0,117.0,0.02292769,-131.0,0.3734939694404602
720575940642894628,DNp34,left,373,2117.0,241.0,249.0,0.117619276,62.0,0.0
720575940627366675,DNg72,left,94,405.0,0.0,0.0,0.0,-1.0,
720575940616649845,DNpe003,left,221,1474.0,34.0,40.0,0.027137043,98.0,0.9459459185600281
720575940604284128,DNpe009,right,58,207.0,0.0,4.0,0.019323671,8.0,1.0
720575940618203707,DNc02,left,563,811.0,7.0,41.0,0.05055487,84.0,0.4166666567325592
720575940622565590,DNge047,right,485,1503.0,13.0,21.0,0.013972056,438.0,1.0
720575940627490459,DNge130,left,121,670.0,1.0,1.0,0.0014925373,-142.0,1.0
720575940604930481,DNge019,left,119,522.0,0.0,0.0,0.0,-16.0,
720575940632407826,DNg70,left,395,1237.0,0.0,0.0,0.0,166.0,
720575940647031860,DNge122,left,523,2158.0,0.0,0.0,0.0,-403.0,
720575940636656632,DNg74_b,left,398,6184.0,-1.0,1.0,0.00016170763,757.0,
720575940623503318,DNg104,right,602,1915.0,37.0,53.0,0.02767624,172.0,0.0
720575940612805118,DNg10,right,56,123.0,0.0,0.0,0.0,3.0,
720575940649809273,DNg56,right,364,2585.0,47.0,83.0,0.032108318,203.0,0.692307710647583
720575940645047831,DNg16,left,456,6441.0,-2.0,2.0,0.0003105108,-39.0,
720575940626993694,DNge007,left,203,1623.0,1.0,1.0,0.00061614293,-33.0,1.0
720575940639802685,DNge085,left,20,33.0,0.0,0.0,0.0,2.0,
720575940622248453,DNge148,left,311,1068.0,-4.0,8.0,0.007490637,82.0,0.5
720575940626859283,DNp60,right,214,965.0,1.0,1.0,0.0010362695,-1.0,1.0
720575940641833869,DNg73,right,153,1063.0,0.0,0.0,0.0,-11.0,
720575940609260494,DNg14,right,92,884.0,0.0,0.0,0.0,-96.0,
720575940615378399,DNg83,right,296,481.0,0.0,0.0,0.0,-25.0,
720575940660229505,DNg31,right,220,2883.0,0.0,0.0,0.0,205.0,
720575940620153765,DNp10,left,920,7655.0,415.0,561.0,0.07328543,-115.0,0.9467213153839111
720575940640194493,DNg08_b,right,57,190.0,0.0,0.0,0.0,-45.0,
720575940632178892,DNge147,right,260,1110.0,4.0,10.0,0.009009009,84.0,1.0
720575940639314229,DNge141,left,377,1815.0,137.0,371.0,0.2044077,522.0,0.8031495809555054
720575940629064186,DNde003,right,358,2738.0,-5.0,7.0,0.0025566106,-12.0,0.0
720575940607378633,DNpe039,left,370,1253.0,91.0,125.0,0.09976058,11.0,0.9907407164573669
720575940628125715,DNg87,left,802,3306.0,0.0,0.0,0.0,-150.0,
720575940628627867,DNbe003,right,479,4469.0,143.0,217.0,0.048556723,26.0,0.9555555582046509
720575940625376062,DNg08_a,right,106,352.0,1.0,1.0,0.0028409092,14.0,1.0
720575940625558730,DNbe005,right,431,2875.0,6.0,106.0,0.036869567,-12.0,0.2321428507566452
720575940626834698,DNg12_b,right,50,190.0,0.0,0.0,0.0,-15.0,
720575940642027464,DNg03,right,29,45.0,0.0,0.0,0.0,4.0,
720575940610091955,DNge113,left,151,711.0,-1.0,1.0,0.0014064697,-10.0,
720575940630610042,DNp32,right,1304,5445.0,150.0,180.0,0.03305785,155.0,0.9272727370262146
720575940617140597,DNpe024,left,272,709.0,37.0,47.0,0.06629055,-22.0,1.0
720575940632524559,DNg70,right,395,1184.0,0.0,0.0,0.0,142.0,
720575940639159029,DNg36_a,left,53,200.0,4.0,4.0,0.02,-2.0,1.0
720575940625253649,DNg12_b,right,55,183.0,0.0,0.0,0.0,-1.0,
720575940621923837,DNge008,left,170,599.0,2.0,2.0,0.003338898,39.0,1.0
720575940641278965,DNp43,right,575,4715.0,180.0,234.0,0.049628843,-17.0,1.0
720575940632161311,DNge010,right,96,227.0,0.0,0.0,0.0,41.0,
720575940617809181,DNp69,right,930,8547.0,171.0,249.0,0.02913303,-29.0,0.9714285731315613
720575940621561697,DNp28,left,95,440.0,143.0,169.0,0.3840909,0.0,0.5192307829856873
720575940621566844,DNg22,left,207,758.0,1.0,1.0,0.0013192613,-19.0,1.0
720575940614909506,DNge123,right,227,1629.0,0.0,0.0,0.0,9.0,
720575940626296339,DNge109,left,28,61.0,0.0,2.0,0.032786883,8.0,1.0
720575940606856405,DNge094,left,54,173.0,0.0,0.0,0.0,4.0,
720575940635872101,DNp09,left,607,3921.0,882.0,896.0,0.22851314,-17.0,1.0
720575940625314058,DNg92_a,right,83,161.0,2.0,4.0,0.024844721,-23.0,0.6666666865348816
720575940637618142,DNpe043,right,487,2012.0,7.0,7.0,0.0034791252,11.0,0.8571428656578064
720575940629736720,DNd05,right,339,1360.0,-2.0,78.0,0.05735294,54.0,0.9473684430122375
720575940609097429,DNae005,left,492,5111.0,187.0,307.0,0.060066525,187.0,1.0
720575940629490476,aSP22,left,600,2764.0,95.0,115.0,0.041606367,-16.0,0.8571428656578064
720575940621629578,DNpe054,right,54,203.0,32.0,36.0,0.1773399,-20.0,0.9117646813392639
720575940619654053,DNp02,left,339,2841.0,498.0,582.0,0.20485744,-170.0,1.0
720575940614137907,DNp104,left,718,4434.0,38.0,152.0,0.03428056,-280.0,0.6315789222717285
720575940632422219,DNp38,left,254,788.0,3.0,3.0,0.0038071065,101.0,1.0
720575940642549467,DNb08,left,412,4313.0,-22.0,46.0,0.01066543,228.0,1.0
720575940619038493,DNpe042,right,1422,8982.0,121.0,189.0,0.021042084,152.0,0.9677419066429138
720575940624874983,DNae008,right,273,1153.0,-17.0,211.0,0.18300086,3.0,0.2886597812175751
720575940640142141,DNp28,right,99,664.0,203.0,245.0,0.3689759,0.0,0.5178571343421936
720575940609488942,DNa15,right,321,7077.0,-21.0,27.0,0.003815176,32.0,0.3333333432674408
720575940618594117,DNge081,right,84,591.0,2.0,2.0,0.0033840947,-69.0,1.0
720575940603786686,DNge117,left,23,40.0,3.0,3.0,0.075,-2.0,0.3333333432674408
720575940619024542,DNge128,left,223,890.0,0.0,0.0,0.0,103.0,
720575940631987364,DNg12_a,right,88,264.0,0.0,0.0,0.0,42.0,
720575940615692690,DNp60,left,218,810.0,0.0,0.0,0.0,-7.0,
720575940628796780,DNpe014,right,148,1950.0,232.0,722.0,0.37025642,31.0,0.5283018946647644
720575940641832333,DNg52,left,251,1177.0,-7.0,11.0,0.009345794,81.0,0.5
720575940611644529,DNp06,right,1045,11466.0,1647.0,1787.0,0.15585208,702.0,0.971461832523346
720575940629327659,DNa02,left,742,12268.0,-37.0,395.0,0.032197587,271.0,0.7094972133636475
720575940615043368,DNp22,left,149,2755.0,74.0,1432.0,0.5197822,27.0,0.56175297498703
720575940627582724,DNp44,left,177,977.0,17.0,19.0,0.019447288,29.0,0.7222222089767456
720575940631549202,DNg86,right,367,2056.0,28.0,38.0,0.01848249,85.0,0.27272728085517883
720575940638013274,DNpe006,right,224,732.0,5.0,53.0,0.07240437,141.0,0.931034505367279
720575940637667443,DNg08_a,left,76,234.0,0.0,0.0,0.0,3.0,
720575940615058216,DNpe012,left,88,238.0,-3.0,35.0,0.14705883,20.0,0.6875
720575940647964281,DNg02_b,right,87,261.0,-4.0,4.0,0.01532567,-7.0,
720575940611772083,DNg43,left,241,1575.0,0.0,0.0,0.0,194.0,
720575940618291520,DNge060,right,218,1253.0,2.0,2.0,0.0015961692,122.0,1.0
720575940626901136,DNg40,left,565,3580.0,545.0,547.0,0.1527933,122.0,0.9981684684753418
720575940629155227,DNpe021,right,918,4645.0,238.0,814.0,0.1752422,-1.0,0.9068440794944763
720575940607632579,DNpe047,left,109,234.0,0.0,0.0,0.0,7.0,
720575940637660733,DNg01,left,131,452.0,-17.0,23.0,0.050884955,-5.0,1.0
720575940635640312,DNp62,left,486,1166.0,1.0,1.0,0.00085763296,31.0,0.0
720575940629782072,DNpe012,left,81,227.0,1.0,53.0,0.23348017,-3.0,0.2222222238779068
720575940613200706,DNpe008,right,32,87.0,14.0,14.0,0.16091955,6.0,1.0
720575940647471395,DNpe036,left,174,564.0,0.0,0.0,0.0,-48.0,
720575940621226484,DNb04,right,437,1987.0,52.0,88.0,0.04428787,19.0,0.6142857074737549
720575940619332944,DNg99,right,438,4136.0,11.0,51.0,0.012330755,216.0,0.8709677457809448
720575940638175558,DNge072,right,117,676.0,3.0,3.0,0.00443787,77.0,1.0
720575940621401222,DNpe025,right,492,1848.0,256.0,312.0,0.16883117,54.0,1.0
720575940632043320,DNge130,right,118,727.0,0.0,0.0,0.0,-167.0,
720575940629965708,DNge091,right,76,243.0,0.0,0.0,0.0,-13.0,
720575940638664355,DNg46,left,106,1279.0,403.0,453.0,0.35418296,-8.0,0.9392523169517517
720575940633995181,DNg53,left,19,39.0,1.0,1.0,0.025641026,2.0,0.0
720575940620815896,DNge071,left,12,14.0,0.0,0.0,0.0,2.0,
720575940619090541,DNpe009,left,9,19.0,-1.0,1.0,0.05263158,0.0,
720575940631627551,DNge115,left,40,72.0,2.0,2.0,0.027777778,-4.0,0.5
720575940637126007,DNp56,right,288,2943.0,261.0,275.0,0.09344207,304.0,1.0
720575940624882151,DNge094,right,41,125.0,2.0,2.0,0.016,11.0,1.0
720575940636592302,DNpe019,right,326,2538.0,147.0,283.0,0.11150512,-59.0,0.29767441749572754
720575940619451989,DNpe033,left,222,638.0,0.0,0.0,0.0,27.0,
720575940627652358,DNp09,right,755,6366.0,1603.0,1657.0,0.26028904,-13.0,1.0
720575940631051065,DNge116,left,17,30.0,5.0,5.0,0.16666667,0.0,1.0
720575940613686954,DNge081,left,87,546.0,0.0,0.0,0.0,-124.0,
720575940621325034,DNg04,right,205,3045.0,6.0,8.0,0.0026272577,-94.0,0.4285714328289032
720575940644758308,DNge046,left,469,3072.0,10.0,10.0,0.0032552083,668.0,0.4000000059604645
720575940633041503,DNg06,right,89,351.0,0.0,0.0,0.0,-19.0,
720575940639919824,DNpe010,left,140,535.0,1.0,5.0,0.009345794,-44.0,0.3333333432674408
720575940621388453,DNd02,left,310,885.0,-2.0,14.0,0.015819209,59.0,0.6666666865348816
720575940619944513,DNg10,right,18,36.0,0.0,0.0,0.0,0.0,
720575940626165489,DNpe008,right,28,81.0,16.0,16.0,0.19753087,-5.0,1.0
720575940618382529,DNp16,left,99,801.0,89.0,201.0,0.25093633,5.0,0.7793103456497192
720575940646173748,oviDNa_b,right,169,455.0,4.0,4.0,0.008791209,41.0,1.0
720575940610231509,DNg90,left,280,1907.0,69.0,137.0,0.071840584,103.0,0.7475728392601013
720575940614736034,DNge140,right,406,2709.0,12.0,40.0,0.014765596,180.0,0.26923078298568726
720575940631110095,DNg80,right,255,1228.0,0.0,0.0,0.0,185.0,
720575940611756723,DNg65,right,150,898.0,0.0,0.0,0.0,107.0,
720575940615679282,DNg02_h,right,245,1383.0,-5.0,21.0,0.015184382,-158.0,0.375
720575940611981029,DNg111,right,585,3341.0,19.0,55.0,0.016462138,29.0,0.9459459185600281
720575940611610670,DNge091,left,108,613.0,0.0,0.0,0.0,-6.0,
720575940614478658,DNg36_b,left,29,43.0,2.0,2.0,0.046511628,-7.0,1.0
720575940605950496,DNg76,left,96,366.0,-1.0,1.0,0.0027322404,-3.0,
720575940614363619,DNpe047,right,120,255.0,0.0,0.0,0.0,9.0,
720575940611108676,DNge138,center,579,1482.0,13.0,13.0,0.00877193,11.0,
720575940626278129,DNg02_f,left,191,878.0,-2.0,6.0,0.006833713,-78.0,0.5
720575940650282742,DNge005,left,80,386.0,0.0,0.0,0.0,96.0,
720575940639088216,DNge030,left,216,934.0,96.0,106.0,0.113490365,1.0,0.9207921028137207
720575940624407944,DNp36,left,207,668.0,-2.0,2.0,0.002994012,9.0,
720575940624394498,DNg12_a,left,93,295.0,0.0,0.0,0.0,29.0,
720575940652104694,DNge128,right,209,691.0,0.0,0.0,0.0,59.0,
720575940628467830,DNg106,right,131,537.0,2.0,2.0,0.0037243948,86.0,1.0
720575940607971337,DNpe012,left,96,245.0,13.0,51.0,0.20816326,-2.0,0.09375
720575940644653348,DNge031,right,321,3892.0,3.0,3.0,0.0007708119,253.0,1.0
720575940630671734,DNp17,left,40,309.0,60.0,60.0,0.19417475,-1.0,1.0
720575940614185366,DNpe034,right,34,62.0,0.0,0.0,0.0,2.0,
720575940619582168,DNb04,left,537,2607.0,121.0,161.0,0.06175681,50.0,0.652482271194458
720575940604783136,DNg56,left,282,2251.0,23.0,47.0,0.02087961,204.0,0.6285714507102966
720575940638088511,DNge084,right,333,1538.0,-29.0,29.0,0.018855657,73.0,
720575940642545883,DNg32,left,257,1034.0,38.0,52.0,0.050290134,-21.0,0.2888889014720917
720575940614403178,DNae005,right,496,5264.0,201.0,289.0,0.054901216,184.0,0.9959183931350708
720575940629777018,DNp11,right,844,3748.0,634.0,940.0,0.25080043,-27.0,1.0
720575940610872014,DNge011,right,372,1354.0,0.0,0.0,0.0,52.0,
720575940634903915,DNg69,right,181,1207.0,-1.0,1.0,0.00082850043,98.0,
720575940617917396,DNbe003,left,413,4055.0,81.0,149.0,0.03674476,42.0,0.9739130139350891
720575940635210603,DNpe052,right,314,865.0,-32.0,62.0,0.0716763,65.0,1.0
720575940626179614,DNg72,right,74,462.0,0.0,0.0,0.0,-11.0,
720575940628132745,DNp31,right,1031,11468.0,2252.0,3272.0,0.28531566,-248.0,0.913830578327179
720575940622352764,DNg18_b,left,40,85.0,-1.0,1.0,0.011764706,3.0,
720575940632302151,DNge019,left,100,385.0,0.0,0.0,0.0,-17.0,
720575940628885160,DNpe049,right,364,1978.0,0.0,0.0,0.0,44.0,
720575940623142426,DNpe043,left,337,965.0,2.0,4.0,0.004145078,5.0,1.0
720575940622161366,DNge054,right,648,4373.0,381.0,391.0,0.0894123,429.0,1.0
720575940617922439,DNg02_g,right,154,639.0,-3.0,5.0,0.007824726,-68.0,0.0
720575940630990533,DNge091,right,91,511.0,0.0,0.0,0.0,-43.0,
720575940618876830,DNg06,right,131,458.0,-6.0,6.0,0.013100437,-42.0,
720575940628869648,DNge077,right,222,1002.0,0.0,0.0,0.0,49.0,
720575940621313414,DNge038,left,443,1326.0,1.0,7.0,0.005279035,185.0,0.5
720575940618698411,DNg06,right,88,245.0,5.0,11.0,0.04489796,-32.0,0.0
720575940645537902,DNde001,left,314,1008.0,4.0,4.0,0.003968254,179.0,1.0
720575940621119061,DNbe002,left,314,1148.0,35.0,49.0,0.042682927,148.0,0.8095238208770752
720575940631333195,DNd05,left,506,2674.0,41.0,155.0,0.057965595,77.0,0.9489796161651611
720575940614587990,DNpe009,right,68,309.0,0.0,12.0,0.03883495,-3.0,0.6666666865348816
720575940632574946,DNge113,left,173,689.0,1.0,1.0,0.0014513788,25.0,0.0
720575940618427156,DNge113,right,167,695.0,0.0,0.0,0.0,10.0,
720575940630428324,DNpe029,left,6,8.0,1.0,1.0,0.125,0.0,0.0
720575940626665489,DNpe054,left,45,134.0,6.0,10.0,0.07462686,-10.0,1.0
720575940630346860,DNp54,left,578,2142.0,53.0,105.0,0.04901961,51.0,0.949367105960846
720575940615794077,DNpe015,left,58,226.0,11.0,11.0,0.048672568,-8.0,0.4545454680919647
720575940632646114,DNpe046,left,57,145.0,0.0,0.0,0.0,9.0,
720575940631124076,DNge134,right,22,38.0,0.0,0.0,0.0,2.0,
720575940620017261,DNge009,right,62,106.0,0.0,0.0,0.0,-4.0,
720575940628498161,DNp08,left,370,1668.0,211.0,251.0,0.15047961,97.0,0.8181818127632141
720575940622843530,DNpe031,right,513,2022.0,141.0,149.0,0.073689416,66.0,0.9931034445762634
720575940624374334,DNge093,left,63,159.0,0.0,0.0,0.0,-2.0,
720575940637608560,DNa14,right,217,786.0,-1.0,11.0,0.013994911,8.0,0.20000000298023224
720575940626189657,DNge126,left,48,137.0,2.0,2.0,0.01459854,15.0,1.0
720575940609407939,DNge080,right,283,3074.0,0.0,0.0,0.0,72.0,
720575940623153788,DNpe014,left,137,1647.0,173.0,635.0,0.3855495,29.0,0.5569307208061218
720575940643817888,DNg04,left,160,2377.0,-1.0,1.0,0.00042069837,-89.0,
720575940630980559,DNg28,right,201,1242.0,0.0,0.0,0.0,-195.0,
720575940633213132,DNpe054,right,45,223.0,46.0,46.0,0.20627803,-10.0,1.0
720575940641276917,DNae004,right,132,1121.0,0.0,0.0,0.0,-170.0,
720575940620082512,DNge049,right,641,4713.0,-30.0,40.0,0.008487163,526.0,0.6000000238418579
720575940622797244,DNg12_c,left,51,187.0,0.0,0.0,0.0,25.0,
720575940638094911,DNge091,right,97,500.0,0.0,0.0,0.0,-8.0,
720575940635464343,DNpe004,left,189,1468.0,48.0,254.0,0.17302452,63.0,0.7682119011878967
720575940620468718,DNp02,right,340,2548.0,429.0,543.0,0.21310832,-147.0,1.0
720575940629725545,DNge091,left,102,470.0,2.0,2.0,0.004255319,20.0,1.0
720575940605702944,DNpe040,right,587,2448.0,155.0,181.0,0.07393791,-3.0,0.976190447807312
720575940611225237,DNg58,left,86,358.0,0.0,0.0,0.0,60.0,
720575940615453182,DNg07,left,111,385.0,2.0,10.0,0.025974026,7.0,1.0
720575940627814522,DNg12_e,left,128,385.0,0.0,0.0,0.0,33.0,
720575940635210859,DNpe007,left,306,796.0,0.0,0.0,0.0,165.0,
720575940607384242,DNge149,center,237,675.0,1.0,1.0,0.0014814815,39.0,
720575940623537485,DNge118,left,77,217.0,8.0,14.0,0.06451613,5.0,0.9090909361839294
720575940620642940,DNpe002,right,389,2663.0,303.0,361.0,0.13556139,60.0,0.9698795080184937
720575940632379071,DNpe054,right,55,165.0,6.0,8.0,0.048484847,-12.0,1.0
720575940622681864,DNg02_b,left,23,29.0,1.0,1.0,0.03448276,0.0,0.0
720575940625094325,DNae008,left,257,973.0,20.0,180.0,0.18499486,8.0,0.38999998569488525
720575940620714150,DNge046,right,411,2538.0,8.0,12.0,0.0047281324,466.0,0.20000000298023224
720575940637678653,DNg92_b,right,205,661.0,16.0,36.0,0.054462936,-40.0,0.692307710647583
720575940617663093,DNg51,right,303,2347.0,37.0,41.0,0.01746911,-121.0,0.9230769276618958
720575940653053601,DNg03,left,55,111.0,1.0,1.0,0.009009009,0.0,1.0
720575940629421159,DNp12,right,504,4253.0,210.0,282.0,0.06630614,332.0,0.6666666865348816
720575940644666660,DNg27,right,277,1301.0,0.0,0.0,0.0,9.0,
720575940636098367,DNge071,right,21,25.0,0.0,0.0,0.0,4.0,
720575940622805700,DNge154,right,67,167.0,-1.0,1.0,0.005988024,-5.0,
720575940644279319,DNpe028,right,388,1845.0,85.0,195.0,0.10569106,22.0,0.9142857193946838
720575940648188548,DNg54,right,266,2088.0,0.0,0.0,0.0,292.0,
720575940614186449,DNg44,left,238,918.0,0.0,0.0,0.0,69.0,
720575940603591014,DNae004,left,164,1458.0,-5.0,7.0,0.0048010973,-226.0,1.0
720575940648636292,DNb09,right,368,2658.0,-59.0,421.0,0.15838976,63.0,0.28729280829429626
720575940630956345,DNg66,center,59,116.0,0.0,0.0,0.0,22.0,
720575940634198926,DNge019,left,143,559.0,0.0,0.0,0.0,-24.0,
720575940636308075,DNge078,left,152,923.0,0.0,0.0,0.0,98.0,
720575940610236514,MDN,right,471,2979.0,-75.0,75.0,0.025176235,83.0,
720575940633201400,DNge015,right,55,201.0,0.0,0.0,0.0,-35.0,
720575940616826380,DNb09,left,467,3805.0,-36.0,664.0,0.17450723,55.0,0.41401273012161255
720575940604954289,DNp04,left,356,2944.0,1338.0,2058.0,0.69904894,11.0,1.0
720575940612586151,DNge017,right,128,641.0,0.0,0.0,0.0,1.0,
720575940622806247,DNge085,right,14,20.0,1.0,1.0,0.05,2.0,1.0
720575940625420986,DNp101,right,400,2488.0,-12.0,26.0,0.010450161,8.0,0.8571428656578064
720575940631982952,DNge132,left,866,4395.0,3.0,5.0,0.0011376564,-123.0,1.0
720575940643347616,DNp55,left,432,3295.0,65.0,121.0,0.036722306,-39.0,1.0
720575940640589171,DNge031,left,352,4754.0,0.0,0.0,0.0,237.0,
720575940617249254,DNge086,right,95,485.0,12.0,12.0,0.024742268,65.0,0.9166666865348816
720575940634428058,DNge043,right,329,2829.0,348.0,438.0,0.15482503,82.0,0.7938931584358215
720575940630712493,DNg18_b,left,25,50.0,1.0,5.0,0.1,6.0,1.0
720575940627732361,DNp26,right,496,4037.0,1469.0,1703.0,0.4218479,-143.0,0.9016393423080444
720575940634825879,DNge045,right,67,371.0,0.0,0.0,0.0,2.0,
720575940634140883,DNa09,left,698,5220.0,52.0,194.0,0.03716475,-224.0,0.2520325183868408
720575940630839371,DNge146,left,283,2079.0,0.0,0.0,0.0,-10.0,
720575940629012227,DNg81,right,624,2196.0,0.0,0.0,0.0,51.0,
720575940616401467,DNg08_a,left,57,179.0,0.0,0.0,0.0,-16.0,
720575940609844117,DNg18_b,right,26,54.0,0.0,0.0,0.0,0.0,
720575940610348458,DNg110,left,16,26.0,0.0,0.0,0.0,-4.0,
720575940644751652,DNg34,right,556,1807.0,24.0,34.0,0.018815717,239.0,0.48275861144065857
720575940631643532,DNg77,right,191,626.0,0.0,0.0,0.0,72.0,
720575940622351996,DNge019,right,70,347.0,0.0,0.0,0.0,30.0,
720575940631498925,DNg18_b,right,26,59.0,0.0,0.0,0.0,-11.0,
720575940626732776,DNg08_a,left,60,227.0,-1.0,1.0,0.004405286,-45.0,
720575940645834275,DNge013,right,165,1156.0,1.0,1.0,0.00086505193,219.0,1.0
720575940617950877,DNge063,right,261,942.0,0.0,0.0,0.0,124.0,
720575940632296519,DNge079,right,307,2890.0,0.0,0.0,0.0,232.0,
720575940614588778,DNg12_e,right,90,368.0,0.0,0.0,0.0,10.0,
720575940621021278,DNg18_a,left,45,105.0,6.0,10.0,0.0952381,11.0,0.625
720575940651341558,DNae010,left,365,5139.0,-128.0,238.0,0.04631251,-103.0,0.30909091234207153
720575940615385798,DNge085,left,40,58.0,1.0,3.0,0.05172414,0.0,0.0
720575940642312136,oviDNa_a,right,231,994.0,0.0,0.0,0.0,-23.0,
720575940636333710,DNge064,left,82,263.0,0.0,0.0,0.0,32.0,
720575940617750070,DNp39,left,334,1740.0,53.0,173.0,0.099425286,121.0,0.6460176706314087
720575940625513360,DNp52,right,188,740.0,0.0,0.0,0.0,38.0,
720575940629240263,DNge041,right,559,4026.0,-151.0,387.0,0.096125185,-18.0,0.9152542352676392
720575940626268761,DNge144,right,174,881.0,2.0,16.0,0.018161181,36.0,0.7777777910232544
720575940630569413,DNge071,right,37,80.0,0.0,0.0,0.0,-19.0,
720575940624234242,DNg10,left,20,37.0,0.0,0.0,0.0,-3.0,
720575940613814971,DNge071,left,21,45.0,0.0,0.0,0.0,1.0,
720575940620595883,DNg10,right,43,83.0,0.0,0.0,0.0,11.0,
720575940630135084,DNge053,right,733,6627.0,1.0,11.0,0.0016598763,148.0,0.6666666865348816
720575940640422016,DNge071,left,10,10.0,0.0,0.0,0.0,-1.0,
720575940616167986,DNge151,center,92,247.0,0.0,0.0,0.0,5.0,
720575940615043222,DNae007,right,674,6850.0,-60.0,542.0,0.079124086,164.0,0.9004149436950684
720575940620711334,DNa09,right,822,6972.0,122.0,244.0,0.03499713,-324.0,0.32786884903907776
720575940627303699,DNg10,right,46,119.0,0.0,0.0,0.0,9.0,
720575940612603289,DNg75,right,627,12060.0,-93.0,107.0,0.008872305,272.0,0.7142857313156128
720575940617689816,DNg10,left,28,60.0,0.0,0.0,0.0,-24.0,
720575940621572890,DNg07,left,70,255.0,0.0,0.0,0.0,-6.0,
720575940615023535,DNge062,right,271,1932.0,9.0,9.0,0.004658385,262.0,1.0
720575940630033913,DNge114,right,22,41.0,2.0,2.0,0.048780486,-9.0,1.0
720575940620757748,DNpe041,left,128,293.0,0.0,0.0,0.0,1.0,
720575940633218444,DNge023,right,269,2700.0,0.0,0.0,0.0,65.0,
720575940619928346,DNg06,left,61,132.0,-6.0,6.0,0.045454547,-9.0,
720575940624349993,DNp70,left,1351,7440.0,244.0,392.0,0.05268817,-20.0,0.8081761002540588
720575940614682274,DNge090,right,68,230.0,0.0,0.0,0.0,-17.0,
720575940615607207,DNc01,right,805,1265.0,-4.0,58.0,0.045849804,133.0,0.40740740299224854
720575940623203004,DNp17,left,41,169.0,31.0,31.0,0.18343195,-13.0,1.0
720575940626982181,DNge107,left,494,4018.0,218.0,838.0,0.20856148,32.0,0.5719696879386902
720575940626639259,DNg10,left,30,39.0,0.0,0.0,0.0,4.0,
720575940622786317,DNge085,left,31,61.0,-2.0,4.0,0.06557377,7.0,0.0
720575940620915224,DNge089,right,34,70.0,-3.0,3.0,0.042857144,18.0,
720575940611886289,DNpe008,left,20,69.0,6.0,6.0,0.08695652,3.0,1.0
720575940629312300,DNp56,left,307,2549.0,277.0,291.0,0.114162415,269.0,1.0
720575940610341582,DNge089,left,42,64.0,-2.0,2.0,0.03125,2.0,
720575940632041247,DNge015,left,40,123.0,0.0,0.0,0.0,-11.0,
720575940614046395,DNge092,left,28,55.0,5.0,5.0,0.09090909,7.0,0.4000000059604645
720575940624655285,DNpe008,left,30,81.0,4.0,4.0,0.049382716,-1.0,0.0
720575940614959675,DNge071,right,42,80.0,0.0,0.0,0.0,2.0,
720575940618086535,DNge115,right,27,82.0,1.0,1.0,0.0121951215,-11.0,1.0
720575940619790975,DNpe008,left,19,86.0,5.0,5.0,0.058139537,-2.0,1.0
720575940642369736,DNge115,left,38,90.0,1.0,1.0,0.011111111,-8.0,1.0
720575940624537284,DNge124,left,383,2217.0,-41.0,49.0,0.022101939,38.0,0.5
720575940620632369,DNg18_b,left,53,133.0,-1.0,7.0,0.05263158,22.0,1.0
720575940616548416,DNge085,right,51,130.0,0.0,0.0,0.0,18.0,
720575940629369642,DNg10,left,13,18.0,0.0,0.0,0.0,-5.0,
720575940637659749,DNge052,left,197,742.0,-5.0,23.0,0.030997304,28.0,0.5555555820465088
720575940611308181,DNg07,left,127,529.0,1.0,1.0,0.0018903592,-19.0,0.0
720575940612335539,DNge071,right,27,51.0,1.0,1.0,0.019607844,-1.0,1.0
720575940639539840,DNg07,right,96,253.0,-5.0,5.0,0.019762846,-3.0,
720575940621599604,DNge115,right,39,77.0,0.0,0.0,0.0,4.0,
720575940616076917,DNge015,right,31,56.0,-1.0,1.0,0.017857144,-7.0,
720575940634279543,DNge116,right,21,32.0,0.0,0.0,0.0,-3.0,
720575940619372726,DNge114,right,6,12.0,0.0,0.0,0.0,8.0,
720575940623052728,DNpe009,right,26,55.0,1.0,1.0,0.018181818,0.0,1.0
720575940639201443,DNg02_a,left,27,41.0,0.0,0.0,0.0,-1.0,
720575940602534112,DNge116,right,39,95.0,0.0,0.0,0.0,-11.0,
720575940636186463,DNge092,right,64,135.0,0.0,0.0,0.0,17.0,
720575940621339713,DNg07,right,105,386.0,0.0,0.0,0.0,-24.0,
720575940612288947,DNg07,right,113,473.0,0.0,0.0,0.0,2.0,
720575940634599615,DNg18_b,right,48,151.0,-3.0,3.0,0.01986755,-2.0,
720575940621304004,DNg36_b,right,29,51.0,1.0,1.0,0.019607844,-1.0,1.0
720575940625596647,DNge071,left,9,14.0,0.0,0.0,0.0,1.0,
720575940623968612,DNge085,right,30,85.0,0.0,0.0,0.0,11.0,
720575940611552370,DNge115,right,59,177.0,1.0,1.0,0.0056497175,-45.0,0.0
720575940611765201,DNge071,right,35,72.0,0.0,0.0,0.0,4.0,
720575940612429714,DNg07,left,127,512.0,0.0,0.0,0.0,-45.0,
720575940634864026,DNg01,left,36,53.0,-3.0,3.0,0.056603774,1.0,
720575940629956695,DNg07,left,100,392.0,0.0,0.0,0.0,-24.0,
720575940625343761,DNge085,right,66,163.0,-14.0,22.0,0.13496932,5.0,1.0
720575940638084149,DNge112,right,25,36.0,0.0,0.0,0.0,6.0,
720575940619910080,DNge092,right,37,89.0,10.0,10.0,0.11235955,5.0,0.8999999761581421
720575940626729295,DNg07,left,122,565.0,2.0,2.0,0.003539823,1.0,0.0
720575940659703937,DNg18_a,right,73,237.0,-11.0,21.0,0.088607594,18.0,1.0
720575940624229925,DNg01,right,97,278.0,-8.0,10.0,0.035971224,5.0,0.0
720575940621068464,DNb08,right,471,6269.0,-38.0,72.0,0.011485085,368.0,1.0
720575940615957663,DNg06,right,105,267.0,2.0,2.0,0.007490637,-26.0,0.5
720575940626187014,DNg92_b,left,39,85.0,3.0,7.0,0.08235294,-8.0,0.20000000298023224
720575940626580794,DNge089,right,42,86.0,-3.0,3.0,0.034883723,9.0,
720575940616786433,DNge085,left,18,29.0,2.0,2.0,0.06896552,-5.0,1.0
720575940621121159,DNge109,right,41,109.0,-2.0,4.0,0.036697246,4.0,1.0
720575940615424966,DNge090,right,92,350.0,0.0,0.0,0.0,-20.0,
720575940619152856,DNp40,right,342,3312.0,277.0,957.0,0.28894928,86.0,0.6466774940490723
720575940647755641,DNge070,left,182,2234.0,79.0,363.0,0.1624888,30.0,0.8506787419319153
720575940611102437,DNpe008,right,36,183.0,21.0,23.0,0.12568305,-11.0,1.0
720575940610935410,DNge089,right,41,86.0,0.0,0.0,0.0,5.0,
720575940625673196,DNp71,left,593,3238.0,500.0,528.0,0.16306362,3.0,0.9961089491844177
720575940622042603,DNg02_c,left,133,467.0,3.0,5.0,0.010706638,-16.0,1.0
720575940624015287,DNge075,left,133,340.0,0.0,0.0,0.0,51.0,
720575940630290536,DNge108,right,33,57.0,0.0,0.0,0.0,5.0,
720575940614107554,DNge118,right,62,177.0,0.0,0.0,0.0,-3.0,
720575940627021349,DNg110,left,50,138.0,0.0,0.0,0.0,-8.0,
720575940632573887,DNg02_a,right,35,58.0,-1.0,1.0,0.01724138,-4.0,
720575940617802699,DNpe008,left,36,131.0,26.0,26.0,0.19847329,-13.0,0.9230769276618958
720575940629742718,DNg09,right,171,501.0,1.0,1.0,0.001996008,-6.0,1.0
720575940624750480,DNg24,left,214,1833.0,0.0,0.0,0.0,-408.0,
720575940630829563,DNge094,right,65,119.0,32.0,32.0,0.26890758,0.0,0.5625
720575940618706603,DNpe008,right,30,62.0,3.0,3.0,0.048387095,16.0,1.0
720575940627241321,DNpe054,right,45,149.0,35.0,35.0,0.23489933,-2.0,0.9714285731315613
720575940620564673,DNg10,right,42,69.0,0.0,0.0,0.0,-3.0,
720575940635405719,DNpe012,right,147,411.0,8.0,50.0,0.1216545,17.0,0.37931033968925476
720575940625065653,DNge091,left,91,483.0,0.0,0.0,0.0,-44.0,
720575940606756309,DNpe018,left,24,39.0,0.0,6.0,0.15384616,0.0,1.0
720575940640140733,DNge116,left,30,63.0,0.0,0.0,0.0,-18.0,
720575940622925972,DNg01,right,165,669.0,-12.0,18.0,0.02690583,-8.0,1.0
720575940660224385,DNg10,left,25,33.0,0.0,0.0,0.0,-6.0,
720575940637896893,DNge090,left,25,121.0,0.0,0.0,0.0,-1.0,
720575940609733582,DNge071,right,49,73.0,1.0,1.0,0.01369863,10.0,1.0
720575940625426469,DNg07,right,113,466.0,-2.0,2.0,0.0042918455,-30.0,
720575940614840715,DNg06,left,71,195.0,0.0,0.0,0.0,-10.0,
720575940642926702,DNg12_a,left,66,214.0,0.0,0.0,0.0,35.0,
720575940626748702,DNge089,left,71,167.0,0.0,0.0,0.0,-8.0,
720575940612698287,DNg06,left,76,234.0,5.0,7.0,0.02991453,2.0,0.3333333432674408
720575940622944196,DNge108,left,42,96.0,0.0,0.0,0.0,6.0,
720575940606702601,DNge112,left,24,49.0,0.0,0.0,0.0,-10.0,
720575940621071017,DNge093,left,46,138.0,0.0,0.0,0.0,-3.0,
720575940621270410,DNpe008,right,49,266.0,49.0,51.0,0.19172932,-29.0,1.0
720575940621909739,DNg01,right,100,302.0,-11.0,13.0,0.04304636,3.0,1.0
720575940627850622,DNg02_g,left,71,229.0,1.0,3.0,0.013100437,-26.0,0.0
720575940631651810,DNge071,left,20,23.0,0.0,0.0,0.0,2.0,
720575940625047815,DNge090,left,80,283.0,0.0,0.0,0.0,-43.0,
720575940621534273,DNge071,left,14,19.0,0.0,0.0,0.0,1.0,
720575940606784265,DNge089,right,33,60.0,0.0,0.0,0.0,1.0,
720575940627595772,DNge020,right,41,131.0,0.0,0.0,0.0,-9.0,
720575940629412170,DNd04,left,386,1261.0,1.0,3.0,0.0023790642,94.0,1.0
720575940630078031,DNpe011,right,139,383.0,-20.0,84.0,0.21932115,14.0,0.65625
720575940636671886,DNge156,left,53,143.0,0.0,0.0,0.0,-4.0,
720575940609316050,DNpe008,right,37,165.0,33.0,35.0,0.21212122,-22.0,0.9411764740943909
720575940602864300,DNpe008,left,27,91.0,9.0,9.0,0.0989011,-8.0,1.0
720575940608332674,DNpe011,left,128,500.0,-36.0,134.0,0.268,-3.0,0.5918367505073547
720575940610715346,DNpe035,right,136,257.0,14.0,16.0,0.06225681,-31.0,0.6666666865348816
720575940617802187,DNp17,left,29,176.0,20.0,22.0,0.125,-5.0,0.9523809552192688
720575940627629598,DNge142,left,358,1225.0,0.0,0.0,0.0,353.0,
720575940628252751,DNg07,left,141,536.0,0.0,0.0,0.0,-4.0,
720575940656144289,DNg110,right,119,410.0,-2.0,2.0,0.004878049,-24.0,
720575940630505334,DNge095,right,42,98.0,0.0,0.0,0.0,6.0,
720575940630333911,DNge114,right,16,38.0,0.0,0.0,0.0,8.0,
720575940631889965,DNg106,right,121,209.0,0.0,0.0,0.0,3.0,
720575940626027752,DNg07,right,164,725.0,0.0,0.0,0.0,-15.0,
720575940642411917,DNpe054,left,34,137.0,37.0,39.0,0.28467155,-9.0,1.0
720575940620149836,DNg12_b,right,50,178.0,0.0,0.0,0.0,-5.0,
720575940637501784,DNg12_d,left,54,122.0,0.0,0.0,0.0,13.0,
720575940634782359,DNge143,right,284,1097.0,0.0,0.0,0.0,32.0,
720575940625482954,DNg02_e,right,236,1066.0,2.0,6.0,0.005628518,-17.0,1.0
720575940617295321,DNge091,right,119,263.0,0.0,0.0,0.0,3.0,
720575940625467280,DNpe008,right,45,158.0,23.0,23.0,0.14556962,-10.0,1.0
720575940631720417,DNpe009,left,57,151.0,-1.0,7.0,0.046357617,7.0,1.0
720575940622123400,DNge091,left,146,371.0,1.0,1.0,0.0026954177,0.0,1.0
720575940626745987,DNg07,left,111,406.0,-1.0,1.0,0.0024630541,-10.0,
720575940640630589,DNge094,left,102,181.0,20.0,22.0,0.12154696,-1.0,0.380952388048172
720575940619431765,DNge071,left,7,10.0,0.0,0.0,0.0,2.0,
720575940619676598,DNge093,right,51,98.0,0.0,0.0,0.0,-1.0,
720575940630071583,DNp17,left,45,273.0,57.0,57.0,0.20879121,-9.0,0.9824561476707458
720575940628825348,DNge115,right,61,214.0,2.0,2.0,0.009345794,-19.0,0.5
720575940613535554,DNg17,left,93,249.0,0.0,0.0,0.0,25.0,
720575940626904219,DNg02_b,left,3,4.0,0.0,0.0,0.0,-1.0,
720575940611976618,DNge111,left,119,351.0,1.0,3.0,0.008547009,-9.0,1.0
720575940631721287,DNge126,right,28,92.0,0.0,0.0,0.0,7.0,
720575940634583694,DNge110,right,50,115.0,0.0,0.0,0.0,-7.0,
720575940628745209,DNge071,right,47,99.0,2.0,2.0,0.02020202,21.0,1.0
720575940624816115,DNge033,left,208,1943.0,1.0,5.0,0.0025733402,25.0,0.0
720575940628942586,DNg02_e,left,227,1085.0,1.0,5.0,0.004608295,-59.0,0.6666666865348816
720575940627307625,DNge089,left,42,99.0,1.0,1.0,0.01010101,-1.0,0.0
720575940641793440,DNge114,right,17,30.0,8.0,8.0,0.26666668,0.0,1.0
720575940610440402,DNge085,right,41,61.0,2.0,2.0,0.032786883,3.0,0.5
720575940622917351,DNpe008,left,43,201.0,47.0,47.0,0.23383084,-12.0,1.0
720575940631061900,DNge111,right,124,398.0,7.0,11.0,0.027638191,-51.0,1.0
720575940613632153,DNpe009,right,92,444.0,-18.0,58.0,0.13063063,7.0,0.6000000238418579
720575940638623165,DNg82,left,223,870.0,110.0,160.0,0.18390805,1.0,0.9259259104728699
720575940622633716,DNge041,left,604,3993.0,-148.0,576.0,0.14425243,41.0,0.827102780342102
720575940612804862,DNg01,right,117,500.0,-8.0,8.0,0.016,-1.0,
720575940627003179,DNg05_b,right,127,471.0,0.0,0.0,0.0,10.0,
720575940626088835,DNg110,left,41,77.0,0.0,0.0,0.0,-6.0,
720575940635222640,DNg110,right,155,869.0,-4.0,4.0,0.004602992,-33.0,
720575940630289804,DNg02_a,left,39,94.0,-1.0,1.0,0.010638298,-4.0,
720575940617498507,DNg02_b,right,86,203.0,-4.0,4.0,0.019704433,-19.0,
720575940623543117,DNge093,right,66,251.0,0.0,0.0,0.0,-10.0,
720575940603580960,DNpe054,left,37,86.0,12.0,14.0,0.1627907,-3.0,1.0
720575940639479168,DNge114,left,10,25.0,0.0,0.0,0.0,-1.0,
720575940644801060,DNg07,right,113,447.0,1.0,1.0,0.0022371365,-7.0,1.0
720575940610309034,DNge071,left,10,10.0,0.0,0.0,0.0,-1.0,
720575940627560236,DNpe008,left,37,204.0,30.0,30.0,0.14705883,-6.0,0.8333333134651184
720575940627799802,DNg09,left,163,413.0,1.0,1.0,0.0024213076,9.0,1.0
720575940603489824,DNpe015,left,51,202.0,12.0,12.0,0.05940594,-1.0,0.25
720575940622027222,DNge046,right,454,3359.0,12.0,14.0,0.004167907,625.0,1.0
720575940608838958,DNg01,left,67,167.0,-3.0,3.0,0.017964073,0.0,
720575940613748689,DNp16,right,158,956.0,38.0,210.0,0.21966527,18.0,0.7822580933570862
720575940638204132,DNge053,left,665,6041.0,-2.0,8.0,0.001324284,96.0,0.3333333432674408
720575940622910188,DNg02_f,right,270,1406.0,0.0,12.0,0.008534851,-97.0,0.8333333134651184
720575940617696728,DNp17,right,40,148.0,48.0,50.0,0.33783785,-3.0,1.0
720575940632788025,DNge108,left,58,127.0,4.0,4.0,0.031496063,1.0,1.0
720575940621002480,DNge094,right,90,191.0,33.0,33.0,0.17277487,1.0,0.5454545617103577
720575940614562207,DNge115,left,42,76.0,0.0,0.0,0.0,-4.0,
720575940634526560,DNge092,left,26,47.0,0.0,0.0,0.0,3.0,
720575940619341744,DNpe008,left,33,169.0,49.0,55.0,0.32544377,-11.0,0.9807692170143127
720575940642198747,DNg92_b,left,112,336.0,9.0,21.0,0.0625,-9.0,0.5333333611488342
720575940625396252,DNg36_b,left,42,117.0,13.0,13.0,0.11111111,0.0,1.0
720575940618440943,DNg06,left,152,466.0,-8.0,8.0,0.017167382,-57.0,
720575940622437671,DNpe011,right,40,116.0,10.0,16.0,0.13793103,1.0,1.0
720575940620110215,DNge091,right,129,704.0,0.0,0.0,0.0,10.0,
720575940613307033,DNde006,left,482,1795.0,1.0,1.0,0.0005571031,148.0,1.0
720575940611498419,DNge111,left,134,343.0,-10.0,18.0,0.052478135,-13.0,0.25
720575940629472298,DNg09,right,117,383.0,1.0,1.0,0.002610966,-17.0,1.0
720575940621071495,DNge091,right,86,498.0,1.0,1.0,0.002008032,17.0,1.0
720575940630297292,DNg09,left,125,357.0,1.0,1.0,0.0028011205,-3.0,0.0
720575940632989291,DNpe008,right,37,148.0,17.0,17.0,0.11486486,-11.0,0.9411764740943909
720575940627414887,DNg02_b,right,75,198.0,-3.0,3.0,0.015151516,-12.0,
720575940625144061,DNg02_c,right,106,484.0,8.0,8.0,0.016528925,-1.0,0.875
720575940649992569,DNge091,right,126,549.0,0.0,0.0,0.0,25.0,
720575940615898730,DNg106,right,148,543.0,1.0,1.0,0.0018416207,63.0,1.0
720575940612019825,DNg12_c,left,56,107.0,0.0,0.0,0.0,10.0,
720575940626377349,DNg02_h,left,129,578.0,-6.0,8.0,0.013840831,-61.0,1.0
720575940613668620,DNg02_b,left,26,45.0,0.0,0.0,0.0,0.0,
720575940623776235,DNge117,right,53,148.0,15.0,17.0,0.11486486,1.0,0.1875
720575940622836970,DNpe012,left,98,323.0,-1.0,73.0,0.2260062,16.0,0.25
720575940623498876,DNge094,right,78,226.0,13.0,13.0,0.057522126,9.0,0.692307710647583
720575940638159472,DNg92_b,right,139,406.0,37.0,39.0,0.096059114,-44.0,0.8157894611358643
720575940620404182,DNg05_b,left,8,13.0,0.0,0.0,0.0,-2.0,
720575940640156301,DNge014,left,5,8.0,0.0,0.0,0.0,-1.0,
720575940610010521,DNp17,right,44,349.0,87.0,87.0,0.24928367,-10.0,1.0
720575940625890812,DNpe008,left,40,204.0,54.0,54.0,0.2647059,-25.0,1.0
720575940611087786,DNge091,left,95,438.0,0.0,0.0,0.0,11.0,
720575940634207087,DNg09,left,133,394.0,-1.0,1.0,0.002538071,5.0,
720575940609366648,DNg11,left,80,283.0,47.0,61.0,0.2155477,6.0,0.31481480598449707
720575940632868051,DNbe001,left,920,9362.0,1730.0,1986.0,0.21213415,-99.0,0.9499461650848389
720575940613731270,DNpe008,right,37,193.0,48.0,52.0,0.26943004,-8.0,1.0
720575940610863310,DNg02_a,right,138,451.0,2.0,12.0,0.02660754,-23.0,0.8571428656578064
720575940619315888,DNpe009,left,61,366.0,35.0,45.0,0.12295082,0.0,0.7250000238418579
720575940618870113,DNge095,left,53,135.0,0.0,0.0,0.0,11.0,
720575940633853559,DNp17,right,35,147.0,30.0,34.0,0.23129252,-5.0,1.0
720575940617296699,DNg36_b,right,60,164.0,24.0,30.0,0.18292683,1.0,0.9259259104728699
720575940614147701,DNpe015,right,56,207.0,4.0,20.0,0.096618354,-2.0,1.0
720575940641305229,DNg02_d,left,311,1772.0,5.0,25.0,0.014108352,-159.0,0.800000011920929
720575940607854793,DNpe011,left,157,643.0,-25.0,243.0,0.377916,8.0,0.8623853325843811
720575940623528842,DNpe012,right,95,289.0,15.0,67.0,0.2318339,-16.0,0.2195121943950653
720575940625539984,DNp49,left,448,2274.0,111.0,121.0,0.053210203,84.0,0.4568965435028076
720575940628398202,DNp17,left,49,443.0,66.0,70.0,0.15801354,-9.0,1.0
720575940635175263,DNg12_c,left,45,92.0,-2.0,2.0,0.02173913,1.0,
720575940623193293,DNge094,right,65,135.0,31.0,31.0,0.22962964,-2.0,0.6451612710952759
720575940638019184,DNge145,right,145,420.0,0.0,0.0,0.0,-19.0,
720575940615502604,DNpe011,left,25,69.0,9.0,9.0,0.13043478,3.0,0.7777777910232544
720575940606607234,DNge040,right,270,2341.0,-8.0,10.0,0.0042716786,19.0,1.0
720575940621640885,DNg12_b,right,62,199.0,0.0,0.0,0.0,0.0,
720575940625550398,DNg05_b,right,52,244.0,0.0,0.0,0.0,-43.0,
720575940619024816,DNpe015,right,74,198.0,4.0,12.0,0.060606062,4.0,0.375
720575940628800207,DNg03,left,44,57.0,1.0,1.0,0.01754386,-1.0,1.0
720575940623491987,DNg110,right,230,1149.0,-5.0,9.0,0.007832898,-56.0,0.0
720575940622505511,DNpe015,left,68,235.0,19.0,21.0,0.089361705,-10.0,0.6000000238418579
720575940629139968,DNge113,right,156,571.0,0.0,0.0,0.0,-29.0,
720575940612373423,DNge094,left,83,174.0,15.0,15.0,0.0862069,-1.0,0.6666666865348816
720575940628582607,DNg82,right,313,1682.0,294.0,440.0,0.26159334,2.0,0.9209809303283691
720575940636104767,DNge111,right,153,424.0,4.0,8.0,0.018867925,13.0,0.6666666865348816
720575940621304723,DNpe015,right,63,242.0,12.0,16.0,0.0661157,-25.0,0.5714285969734192
720575940619089005,DNpe011,left,29,66.0,0.0,6.0,0.09090909,-2.0,1.0
720575940623992300,DNp17,right,41,377.0,94.0,96.0,0.25464192,-4.0,1.0
720575940632900665,DNpe022,right,605,3826.0,320.0,728.0,0.19027705,101.0,0.6564885377883911
720575940612028017,DNge114,left,30,60.0,0.0,0.0,0.0,3.0,
720575940637101413,DNa07,left,213,920.0,299.0,335.0,0.36413044,-1.0,0.9747633934020996
720575940618182480,DNg01,left,65,141.0,-2.0,4.0,0.028368793,-4.0,1.0
720575940617030585,DNpe010,right,186,623.0,6.0,10.0,0.016051365,-42.0,1.0
720575940640128720,DNpe015,right,55,208.0,8.0,10.0,0.048076924,-10.0,0.5555555820465088
720575940621783628,DNge094,left,80,152.0,25.0,25.0,0.16447368,-2.0,0.7200000286102295
720575940632634532,DNg57,right,352,1434.0,0.0,0.0,0.0,-368.0,
720575940627691458,DNg82,right,331,1651.0,572.0,624.0,0.37795275,6.0,0.974916398525238
720575940623934096,DNge110,left,72,182.0,3.0,3.0,0.016483517,-11.0,1.0
720575940615495867,DNge091,right,102,494.0,6.0,6.0,0.012145749,16.0,1.0
720575940612922851,DNg05_b,right,70,348.0,0.0,0.0,0.0,-52.0,
720575940617873201,DNpe029,left,12,13.0,2.0,2.0,0.15384616,-1.0,0.5
720575940644473760,DNg84,left,940,5261.0,2.0,4.0,0.0007603117,-194.0,1.0
720575940622728728,DNge145,right,123,591.0,1.0,1.0,0.0016920473,4.0,1.0
720575940608877266,DNpe018,right,29,69.0,-5.0,11.0,0.1594203,0.0,0.6666666865348816
720575940636606554,DNge091,left,98,584.0,-3.0,5.0,0.008561644,12.0,0.0
720575940632934751,DNge094,right,65,230.0,0.0,0.0,0.0,10.0,
720575940615364564,DNge094,left,53,154.0,4.0,4.0,0.025974026,10.0,0.75
720575940605656521,DNge015,left,17,41.0,0.0,0.0,0.0,-14.0,
720575940631829059,DNg09,right,143,677.0,1.0,1.0,0.0014771048,-36.0,1.0
720575940626877639,DNg09,right,142,600.0,4.0,4.0,0.006666667,-51.0,0.5
720575940605041330,DNp16,right,198,1012.0,17.0,351.0,0.34683794,-3.0,0.8695651888847351
720575940604729312,DNge094,left,72,249.0,3.0,3.0,0.012048192,8.0,0.0
720575940615630237,DNpe015,left,46,185.0,5.0,7.0,0.037837837,3.0,0.8333333134651184
720575940628993871,DNge014,right,133,621.0,1.0,1.0,0.001610306,-12.0,1.0
720575940625744784,DNp17,right,43,416.0,72.0,72.0,0.17307693,-2.0,1.0
720575940632303441,DNge025,right,122,440.0,0.0,0.0,0.0,-21.0,
720575940607037635,DNp17,left,41,510.0,91.0,91.0,0.17843138,-10.0,1.0
720575940612682467,DNp51,left,326,2116.0,109.0,199.0,0.09404537,-49.0,0.37662336230278015
720575940618402694,DNpe015,right,38,158.0,10.0,10.0,0.06329114,-5.0,0.8999999761581421
720575940617390641,DNg12_b,right,25,67.0,0.0,0.0,0.0,1.0,
720575940627542316,DNpe011,right,182,717.0,-28.0,226.0,0.31520224,4.0,0.9494949579238892
720575940621586473,DNg09,left,139,504.0,0.0,4.0,0.007936508,-39.0,0.0
720575940628895787,DNp17,right,50,438.0,75.0,75.0,0.17123288,-6.0,1.0
720575940613998860,DNg03,right,16,23.0,0.0,0.0,0.0,0.0,
720575940618550699,DNpe015,left,51,174.0,8.0,20.0,0.11494253,-2.0,0.6428571343421936
720575940614348438,DNae006,left,172,628.0,-13.0,13.0,0.020700637,6.0,
720575940636898270,DNge145,left,171,802.0,0.0,0.0,0.0,-2.0,
720575940613793170,DNg02_b,left,34,104.0,-41.0,41.0,0.39423078,-5.0,
720575940632409130,DNg03,left,41,64.0,2.0,4.0,0.0625,4.0,0.3333333432674408
720575940620470976,DNg53,right,33,67.0,0.0,0.0,0.0,5.0,
720575940626238716,DNge089,left,70,211.0,-2.0,2.0,0.009478673,-16.0,
720575940615219417,DNp16,left,146,876.0,59.0,319.0,0.36415526,1.0,0.8783068656921387
720575940628437291,DNp35,left,1272,10397.0,3315.0,3491.0,0.33576992,93.0,0.9885395169258118
720575940622347784,DNg05_b,left,58,188.0,0.0,0.0,0.0,-1.0,
720575940630492714,DNg02_d,right,343,1567.0,48.0,66.0,0.0421187,-81.0,0.859649121761322
720575940611474925,DNge102,right,12,36.0,1.0,1.0,0.027777778,-7.0,1.0
720575940625345584,DNg92_a,left,171,501.0,12.0,40.0,0.07984032,-30.0,0.807692289352417
720575940639789731,DNpe012,right,141,484.0,9.0,87.0,0.17975207,-18.0,0.1875
720575940614572906,DNge175,left,162,946.0,-1.0,3.0,0.0031712474,-16.0,1.0
720575940627620593,DNpe019,left,323,2550.0,110.0,198.0,0.07764706,-82.0,0.3246753215789795
720575940631609391,DNpe029,right,4,4.0,0.0,0.0,0.0,0.0,
720575940620328828,DNg03,left,48,73.0,0.0,0.0,0.0,1.0,
720575940627946261,DNa10,right,1115,9587.0,1981.0,2135.0,0.2226974,-4.0,0.8012633919715881
720575940627722234,DNge113,left,165,783.0,-1.0,3.0,0.0038314175,2.0,1.0
720575940623467527,DNp40,left,140,446.0,49.0,71.0,0.15919283,12.0,0.7833333611488342
720575940626399588,DNg12_d,right,108,346.0,0.0,0.0,0.0,44.0,
720575940607178709,DNge016,left,168,896.0,-28.0,28.0,0.03125,-17.0,
720575940617477022,DNge091,left,105,462.0,0.0,0.0,0.0,4.0,
720575940636254810,DNg03,left,27,39.0,2.0,2.0,0.051282052,0.0,0.0
720575940644438551,DNa01,right,457,6638.0,-272.0,372.0,0.056040976,-150.0,0.2199999988079071
720575940628241628,DNg12_b,right,45,141.0,0.0,0.0,0.0,-1.0,
720575940619751872,DNg12_a,right,56,153.0,0.0,0.0,0.0,33.0,
720575940626919579,DNge017,left,71,242.0,-1.0,1.0,0.004132231,0.0,
720575940641237632,DNp72,right,72,326.0,61.0,71.0,0.21779141,8.0,1.0
720575940622537477,DNge067,left,365,2104.0,0.0,0.0,0.0,-102.0,
720575940619486891,DNp13,left,322,2099.0,104.0,110.0,0.05240591,133.0,1.0
720575940626518858,DNpe029,right,5,6.0,0.0,0.0,0.0,-3.0,
720575940611807795,DNge024,right,34,84.0,0.0,0.0,0.0,-7.0,
720575940636651376,DNp51,right,362,2750.0,119.0,231.0,0.084,-63.0,0.3142857253551483
720575940624448956,DNg42,left,152,641.0,0.0,0.0,0.0,-65.0,
720575940640306061,DNpe054,left,61,298.0,49.0,51.0,0.17114094,-7.0,0.9399999976158142
720575940630221509,DNp67,right,197,1030.0,0.0,0.0,0.0,-21.0,
720575940616374667,DNge015,right,109,333.0,0.0,0.0,0.0,-4.0,
720575940632037224,DNge016,right,189,1037.0,-14.0,14.0,0.013500482,-29.0,
720575940620369517,DNp46,left,297,639.0,24.0,26.0,0.040688574,-5.0,1.0
720575940631090402,DNg11,right,93,354.0,38.0,60.0,0.16949153,3.0,0.3469387888908386
720575940627924227,DNpe014,left,126,1749.0,192.0,584.0,0.3339051,30.0,0.5541236996650696
720575940637966424,DNge175,right,187,1233.0,-6.0,6.0,0.00486618,-15.0,
720575940634163682,DNb03,left,69,653.0,178.0,198.0,0.30321592,-2.0,0.5053191781044006
720575940635587064,DNg51,right,284,1998.0,2.0,2.0,0.001001001,-132.0,1.0
720575940615899622,DNg03,right,62,117.0,1.0,1.0,0.008547009,4.0,1.0
720575940630810486,DNg98,left,475,2047.0,0.0,0.0,0.0,115.0,
720575940614642838,DNge021,right,101,392.0,0.0,0.0,0.0,-15.0,
720575940616498742,DNge102,right,23,37.0,0.0,0.0,0.0,-1.0,
720575940635549620,DNp29,right,634,1396.0,8.0,32.0,0.022922637,45.0,0.699999988079071
720575940636610671,DNp63,left,255,1130.0,-1.0,11.0,0.009734513,-64.0,0.6000000238418579
720575940618827910,DNg11,left,104,622.0,47.0,213.0,0.34244373,9.0,0.20000000298023224
720575940621817326,DNg11,right,101,551.0,57.0,183.0,0.3321234,12.0,0.13333334028720856
720575940626068569,DNge087,right,90,248.0,2.0,4.0,0.016129032,17.0,0.0
720575940611622826,DNpe025,left,347,1212.0,106.0,120.0,0.0990099,32.0,1.0
720575940620473547,DNge098,left,144,440.0,0.0,0.0,0.0,12.0,
720575940605009097,DNpe004,right,220,1641.0,46.0,318.0,0.19378428,46.0,0.7692307829856873
720575940634617952,DNg57,left,367,1552.0,0.0,0.0,0.0,-325.0,
720575940627732423,DNg45,left,124,475.0,-2.0,2.0,0.004210526,-1.0,
720575940625963432,DNg03,right,45,73.0,-2.0,2.0,0.02739726,4.0,
720575940615108714,DNg46,right,106,1373.0,488.0,504.0,0.36707938,-9.0,0.9697580933570862
720575940617990228,DNge097,right,102,734.0,66.0,88.0,0.11989101,-2.0,0.948051929473877
720575940611939290,DNg12_a,right,113,629.0,0.0,0.0,0.0,60.0,
720575940631270162,DNg30,left,345,1136.0,30.0,36.0,0.03169014,45.0,0.8181818127632141
720575940622537653,DNg79,left,351,1514.0,143.0,303.0,0.2001321,64.0,0.878923773765564
720575940638810677,DNg12_b,right,73,452.0,0.0,0.0,0.0,19.0,
720575940628397138,DNg92_a,right,218,814.0,37.0,71.0,0.08722359,-26.0,0.6851851940155029
720575940636933722,DNp41,left,146,834.0,-3.0,195.0,0.23381294,48.0,0.5833333134651184
720575940627827697,DNge067,right,368,1873.0,0.0,0.0,0.0,-116.0,
720575940627166851,DNp41,left,139,879.0,-74.0,202.0,0.2298066,59.0,0.671875
720575940622486644,DNg45,right,126,430.0,-3.0,3.0,0.006976744,-2.0,
720575940620135645,DNge001,left,122,532.0,0.0,0.0,0.0,5.0,
720575940625573653,DNg11,left,119,926.0,51.0,235.0,0.2537797,2.0,0.5454545617103577
720575940623706405,DNge102,left,6,19.0,0.0,0.0,0.0,-2.0,
720575940644022551,DNpe003,right,291,1939.0,20.0,36.0,0.018566271,129.0,0.6071428656578064
720575940626663994,DNg36_a,left,65,254.0,1.0,1.0,0.003937008,-4.0,1.0
720575940637870510,DNge121,left,463,1049.0,0.0,0.0,0.0,-32.0,
720575940616274619,DNpe026,right,377,1541.0,28.0,44.0,0.028552888,-48.0,0.6388888955116272
720575940624484796,DNge106,left,142,1623.0,0.0,0.0,0.0,7.0,
720575940631695841,DNge019,right,94,397.0,0.0,0.0,0.0,-15.0,
720575940629521655,DNg51,left,289,1942.0,15.0,23.0,0.011843461,-95.0,0.9473684430122375
720575940633488153,DNpe003,right,279,1973.0,53.0,61.0,0.030917386,123.0,0.8771929740905762
720575940635212139,DNge121,right,492,1031.0,0.0,0.0,0.0,-55.0,
720575940624968013,DNg04,right,141,1749.0,-1.0,1.0,0.0005717553,-55.0,
720575940608716809,DNge133,right,470,2049.0,2.0,2.0,0.0009760859,-86.0,1.0
720575940625353736,DNg19,left,92,219.0,-1.0,1.0,0.00456621,13.0,
720575940633727339,DNa07,right,176,785.0,165.0,195.0,0.24840765,-33.0,0.9944444298744202
720575940639428174,DNp23,right,322,1211.0,2.0,2.0,0.0016515277,-20.0,1.0
720575940612692889,DNg63,left,266,2119.0,29.0,29.0,0.0136857005,-70.0,1.0
720575940612648106,DNg67,left,191,609.0,0.0,0.0,0.0,6.0,
720575940630382075,DNge087,left,31,66.0,0.0,4.0,0.060606062,3.0,0.0
720575940612311987,DNpe003,left,232,1586.0,27.0,57.0,0.03593947,76.0,0.8095238208770752
720575940609589443,DNg05_a,left,98,520.0,0.0,0.0,0.0,-8.0,
720575940629833020,DNge010,left,55,94.0,0.0,0.0,0.0,19.0,
720575940622040419,DNpe044,left,109,221.0,0.0,0.0,0.0,22.0,
720575940611237594,DNpe028,left,391,1710.0,109.0,223.0,0.13040936,53.0,0.9277108311653137
720575940631632012,DNge012,right,202,1039.0,0.0,0.0,0.0,37.0,
720575940624530407,DNge072,left,144,508.0,1.0,5.0,0.00984252,25.0,0.6666666865348816
720575940620776880,DNb03,left,76,624.0,181.0,201.0,0.3221154,0.0,0.5759162306785583
720575940643837988,DNg19,right,117,285.0,-1.0,1.0,0.003508772,21.0,
720575940625184782,DNpe026,left,398,1672.0,10.0,38.0,0.022727273,-55.0,0.8333333134651184
720575940619548799,DNpe014,right,135,1788.0,155.0,673.0,0.3763982,22.0,0.533816397190094
720575940629170250,DNp57,right,406,2426.0,405.0,797.0,0.32852432,106.0,0.8136439323425293
720575940628669545,DNge082,right,269,1218.0,0.0,0.0,0.0,-6.0,
720575940631498563,DNa08,left,148,376.0,54.0,92.0,0.24468085,9.0,0.8904109597206116
720575940614014895,DNge077,left,204,919.0,0.0,0.0,0.0,41.0,
720575940606222014,DNge033,right,213,1741.0,0.0,10.0,0.0057438253,49.0,0.6000000238418579
720575940618658974,DNg89,right,172,1209.0,0.0,4.0,0.0033085195,-120.0,0.0
720575940623132621,DNge146,right,253,1889.0,0.0,0.0,0.0,-18.0,
720575940631168057,DNg60,left,277,1948.0,0.0,0.0,0.0,29.0,
720575940627731176,DNg05_a,right,135,1137.0,0.0,0.0,0.0,-47.0,
720575940639553920,DNge101,right,173,2022.0,1.0,1.0,0.0004945598,216.0,1.0
720575940636029807,DNg72,right,105,475.0,0.0,0.0,0.0,-2.0,
720575940620859630,DNge052,right,175,676.0,-6.0,16.0,0.02366864,34.0,0.4000000059604645
720575940621628582,DNg85,left,478,3817.0,0.0,0.0,0.0,-195.0,
720575940615578043,DNge068,right,159,863.0,0.0,0.0,0.0,69.0,
720575940651932150,DNge070,right,210,2434.0,45.0,303.0,0.12448644,101.0,0.9367815852165222
720575940628225167,DNg48,right,454,3984.0,0.0,0.0,0.0,-278.0,
720575940628387663,DNg69,left,186,924.0,0.0,0.0,0.0,90.0,
720575940617373268,DNge098,right,135,434.0,1.0,1.0,0.0023041475,9.0,0.0
720575940645032580,DNg12_c,right,70,335.0,0.0,0.0,0.0,39.0,
720575940627210568,DNg79,left,321,1544.0,200.0,264.0,0.17098446,46.0,0.8146551847457886
720575940605450342,DNge087,left,21,41.0,2.0,2.0,0.048780486,3.0,0.0
720575940644659236,DNge028,left,167,1045.0,0.0,0.0,0.0,-5.0,
720575940625345511,DNp63,right,519,2701.0,35.0,109.0,0.040355425,-45.0,0.8194444179534912
720575940632412333,DNge096,right,165,1086.0,0.0,0.0,0.0,444.0,
720575940633953434,DNp41,right,184,1473.0,-45.0,303.0,0.20570265,94.0,0.5736433863639832
720575940623274966,DNpe037,left,668,3166.0,539.0,791.0,0.24984208,13.0,0.9473684430122375
720575940646814340,DNp57,left,443,3356.0,663.0,985.0,0.29350418,193.0,0.844660222530365
720575940622632084,DNge001,right,91,352.0,0.0,0.0,0.0,-5.0,
720575940616026939,MDN,left,437,2617.0,-71.0,77.0,0.029423004,75.0,1.0
720575940617792069,DNge044,right,183,953.0,0.0,0.0,0.0,3.0,
720575940640331472,MDN,right,397,2268.0,-41.0,41.0,0.0180776,55.0,
720575940627167516,DNge065,right,396,1997.0,0.0,0.0,0.0,43.0,
720575940620582260,DNp67,left,207,951.0,4.0,6.0,0.0063091484,-5.0,1.0
720575940630106309,DNpe001,left,531,2666.0,240.0,262.0,0.098274566,-6.0,0.6972111463546753
720575940621336852,DNg42,right,181,1121.0,-1.0,1.0,0.00089206063,-64.0,
720575940614759149,DNge140,left,319,2013.0,1.0,5.0,0.002483855,115.0,0.6666666865348816
720575940645693476,DNpe032,right,106,470.0,10.0,88.0,0.18723404,60.0,0.5102040767669678
720575940618156829,DNb02,left,170,1047.0,20.0,32.0,0.030563515,-8.0,0.38461539149284363
720575940637603038,DNge038,right,501,1773.0,-1.0,9.0,0.005076142,276.0,0.0
720575940619678366,DNp10,right,450,1849.0,112.0,130.0,0.070308276,-88.0,0.9586777091026306
720575940630334658,DNb08,left,400,3664.0,-12.0,20.0,0.005458515,169.0,1.0
720575940614352278,DNge004,left,216,2060.0,-3.0,3.0,0.0014563106,-31.0,
720575940635701655,DNg91,left,151,992.0,-5.0,7.0,0.0070564514,-58.0,1.0
720575940617918021,DNge131,left,137,631.0,0.0,0.0,0.0,239.0,
720575940613403890,DNp48,left,282,655.0,0.0,0.0,0.0,1.0,
720575940625815562,DNg77,left,156,525.0,0.0,0.0,0.0,-17.0,
720575940626889491,DNge124,right,409,3068.0,-49.0,57.0,0.01857888,172.0,1.0
720575940627538434,DNg79,right,343,1443.0,118.0,260.0,0.18018018,23.0,0.8783068656921387
720575940626806046,DNpe039,right,363,1426.0,68.0,90.0,0.06311361,19.0,1.0
720575940615030568,DNg58,right,249,1211.0,0.0,0.0,0.0,218.0,
720575940622594186,DNg91,right,259,2555.0,-36.0,36.0,0.014090019,-138.0,
720575940633771745,DNg20,right,328,664.0,0.0,0.0,0.0,-57.0,
720575940620561840,DNpe001,right,545,2900.0,229.0,265.0,0.09137931,6.0,0.7692307829856873
720575940625573322,DNae006,right,167,836.0,-22.0,30.0,0.035885166,-227.0,1.0
720575940644740256,DNg11,right,92,799.0,51.0,151.0,0.18898623,15.0,0.3762376308441162
720575940625890888,DNge012,left,122,415.0,0.0,0.0,0.0,23.0,
720575940613589167,DNge058,right,148,1417.0,4.0,4.0,0.0028228653,-23.0,1.0
720575940613558509,DNpe055,right,388,2190.0,362.0,468.0,0.21369863,-6.0,0.5445783138275146
720575940608409355,DNpe035,left,132,269.0,6.0,6.0,0.022304833,-33.0,0.8333333134651184
720575940613170498,DNp37,right,196,1261.0,-3.0,3.0,0.0023790642,13.0,
720575940612366322,DNge045,left,53,218.0,0.0,0.0,0.0,12.0,
720575940619191966,DNge119,right,553,2970.0,-2.0,4.0,0.0013468013,522.0,1.0
720575940619530187,DNge100,right,355,1832.0,0.0,0.0,0.0,-16.0,
720575940624861072,DNp53,right,277,2202.0,253.0,367.0,0.16666667,1.0,0.5419355034828186
720575940621392086,DNde003,left,275,1939.0,0.0,0.0,0.0,-43.0,
720575940633293025,DNge065,left,406,2351.0,0.0,0.0,0.0,6.0,
720575940613358450,DNbe005,left,338,1868.0,17.0,79.0,0.04229122,17.0,0.1875
720575940630054735,DNg23,left,136,576.0,0.0,0.0,0.0,-54.0,
720575940623626986,DNg94,left,108,571.0,95.0,115.0,0.20140105,-9.0,0.9238095283508301
720575940603874784,DNpe055,left,401,2347.0,392.0,512.0,0.21815082,-14.0,0.6393805146217346
720575940628441862,DNge026,left,250,1393.0,-14.0,20.0,0.014357502,-14.0,0.0
720575940627828552,DNg87,right,794,3588.0,0.0,0.0,0.0,-153.0,
720575940620823828,DNa14,left,236,863.0,4.0,12.0,0.013904982,7.0,0.75
720575940612429743,DNge074,left,18,25.0,0.0,0.0,0.0,4.0,
720575940617035449,DNge074,right,1,4.0,0.0,0.0,0.0,0.0,
720575940632722771,DNg31,left,206,2310.0,-2.0,2.0,0.0008658009,124.0,
720575940623431571,DNge008,right,180,676.0,-1.0,1.0,0.00147929,72.0,
720575940630403031,DNge139,left,332,2322.0,1.0,3.0,0.0012919897,326.0,1.0
720575940617952034,DNp68,right,502,2842.0,10.0,10.0,0.003518649,16.0,0.4000000059604645
720575940607451081,DNge101,left,168,2034.0,1.0,1.0,0.0004916421,141.0,1.0
720575940644467360,DNge133,left,551,2522.0,4.0,4.0,0.0015860428,-99.0,1.0
720575940627997050,DNb03,right,116,1203.0,261.0,299.0,0.2485453,0.0,0.5285714268684387
720575940634915691,DNg39,right,351,1884.0,39.0,39.0,0.020700637,131.0,1.0
720575940623110123,DNde003,left,326,2478.0,-5.0,5.0,0.0020177562,-11.0,
720575940632903737,DNp34,right,204,655.0,59.0,59.0,0.090076335,16.0,0.0
720575940609719250,DNpe046,right,198,598.0,0.0,0.0,0.0,23.0,
720575940619945931,DNd04,right,242,620.0,-4.0,4.0,0.006451613,23.0,
720575940633165452,DNp33,right,211,2696.0,-13.0,13.0,0.0048219585,-123.0,
720575940612557994,DNp39,right,333,1650.0,62.0,196.0,0.11878788,125.0,0.8372092843055725
720575940615559892,DNpe034,left,86,250.0,0.0,0.0,0.0,13.0,
720575940654094241,DNge096,left,156,1138.0,0.0,0.0,0.0,455.0,
720575940631508598,DNge032,right,260,895.0,-2.0,12.0,0.013407821,162.0,1.0
720575940613590579,DNge097,left,129,935.0,162.0,176.0,0.1882353,7.0,0.9526627063751221
720575940629304702,DNge073,right,530,2979.0,-1.0,3.0,0.0010070493,361.0,0.0
720575940631545960,DNg109,right,270,1050.0,1.0,1.0,0.00095238094,81.0,0.0
720575940624082931,DNg04,left,167,2252.0,-1.0,1.0,0.00044404974,-61.0,
720575940626888250,DNg94,right,155,906.0,128.0,178.0,0.196468,-23.0,0.9673202633857727
720575940619744496,DNg50,left,49,91.0,0.0,0.0,0.0,0.0,
720575940624106388,DNge019,right,125,572.0,0.0,0.0,0.0,7.0,
720575940624982823,DNbe006,left,337,2136.0,0.0,50.0,0.02340824,39.0,0.0
720575940630808591,DNg52,right,273,1292.0,-5.0,5.0,0.003869969,168.0,
720575940623014695,DNpe033,right,199,584.0,0.0,0.0,0.0,26.0,
720575940622386824,DNge019,right,120,532.0,0.0,0.0,0.0,-3.0,
720575940611654570,DNge030,right,205,964.0,60.0,66.0,0.06846473,-2.0,0.9365079402923584
720575940625641402,DNge018,left,175,1563.0,-3.0,7.0,0.004478567,83.0,0.5
720575940621399174,DNge127,left,165,853.0,3.0,11.0,0.012895662,230.0,0.5714285969734192
720575940628436282,DNge075,right,267,1121.0,9.0,9.0,0.008028546,201.0,0.4444444477558136
720575940632632607,DNg64,left,189,699.0,-1.0,1.0,0.0014306152,66.0,
720575940615292895,DNpe049,left,351,2046.0,0.0,0.0,0.0,20.0,
720575940622237466,DNge152,center,166,458.0,2.0,4.0,0.008733625,11.0,
720575940627496829,DNp37,left,150,747.0,0.0,0.0,0.0,15.0,
720575940628577897,DNa04,left,478,5970.0,209.0,231.0,0.03869347,-106.0,0.9681817889213562
720575940625090314,DNa08,right,182,332.0,1.0,5.0,0.015060241,1.0,0.0
720575940625878160,DNb01,left,592,5441.0,128.0,600.0,0.110273845,30.0,0.2609890103340149
720575940631283267,DNge018,right,200,2309.0,3.0,3.0,0.0012992638,316.0,0.6666666865348816
720575940625718053,DNde003,right,375,3372.0,-7.0,9.0,0.0026690392,14.0,0.0
720575940641518733,oviDNb,left,81,186.0,0.0,0.0,0.0,-9.0,
720575940640316238,DNg102,left,349,1600.0,1.0,3.0,0.001875,303.0,1.0
720575940630695798,DNge060,left,174,1134.0,7.0,7.0,0.0061728396,40.0,1.0
720575940627731599,DNbe004,left,718,5339.0,266.0,394.0,0.07379659,58.0,0.5242424011230469
720575940628884496,DNp03,right,152,366.0,94.0,118.0,0.32240438,9.0,0.9716981053352356
720575940615715003,DNg96,right,336,4120.0,0.0,6.0,0.0014563106,-95.0,1.0
720575940606342089,DNg78,right,271,1743.0,-3.0,3.0,0.0017211704,112.0,
720575940630236988,DNp38,right,240,729.0,2.0,6.0,0.008230452,69.0,0.75
720575940613347299,DNge042,right,287,4131.0,0.0,0.0,0.0,88.0,
720575940624404872,DNpe007,right,342,976.0,1.0,1.0,0.0010245901,188.0,1.0
720575940627750216,DNpe031,left,587,2385.0,175.0,191.0,0.080083854,93.0,1.0
720575940604103084,DNp33,left,188,2071.0,1.0,1.0,0.00048285854,-109.0,0.0
720575940640747352,DNp14,left,238,793.0,3.0,3.0,0.0037831021,9.0,1.0
720575940627001637,DNge013,left,82,411.0,0.0,0.0,0.0,44.0,
720575940622037926,DNg41,right,117,963.0,179.0,215.0,0.22326064,0.0,0.807106614112854
720575940611016910,DNb03,right,100,878.0,192.0,208.0,0.23690204,1.0,0.39500001072883606
720575940645258606,DNp59,left,629,2865.0,59.0,93.0,0.032460734,-11.0,0.8815789222717285
720575940611956197,DNg78,left,171,686.0,-1.0,1.0,0.001457726,11.0,
720575940605714878,DNge136,left,358,1451.0,0.0,0.0,0.0,169.0,
720575940627845704,DNge148,right,363,1388.0,20.0,28.0,0.02017291,113.0,0.0833333358168602
720575940630992813,DNp36,right,249,837.0,1.0,5.0,0.005973716,11.0,1.0
720575940622147873,DNge043,left,303,2375.0,278.0,332.0,0.13978948,53.0,0.8065573573112488
720575940624986300,DNge055,right,279,2389.0,0.0,0.0,0.0,-93.0,
720575940626092302,DNge082,left,243,1123.0,0.0,0.0,0.0,75.0,
720575940621257340,oviDNa_b,left,161,459.0,4.0,6.0,0.013071896,47.0,1.0
720575940630803727,DNge103,left,158,560.0,-75.0,75.0,0.13392857,60.0,
720575940635552948,DNpe037,right,699,3815.0,618.0,866.0,0.22699869,14.0,0.9568732976913452
720575940615505406,DNg23,right,115,398.0,0.0,0.0,0.0,-60.0,
720575940631959097,DNge042,left,281,4189.0,0.0,0.0,0.0,65.0,
720575940611531986,DNge002,left,222,1214.0,0.0,0.0,0.0,166.0,
720575940620749807,DNde001,right,322,1068.0,2.0,8.0,0.007490637,151.0,1.0
720575940622550089,DNp07,right,492,4061.0,1180.0,1382.0,0.34031028,-23.0,0.9687743782997131
720575940632960813,DNge056,right,574,2928.0,0.0,0.0,0.0,160.0,
720575940620169607,DNg59,right,251,969.0,0.0,0.0,0.0,-33.0,
720575940636879534,DNpe013,right,349,2210.0,170.0,232.0,0.10497738,295.0,0.8507462739944458
720575940636329579,DNg41,left,100,831.0,196.0,230.0,0.27677497,0.0,0.7699530720710754
720575940633011256,DNpe023,right,367,3192.0,-111.0,119.0,0.0372807,86.0,0.0
720575940620760692,DNg50,right,80,217.0,-1.0,1.0,0.004608295,-11.0,
720575940634560922,DNge073,left,517,2774.0,-1.0,3.0,0.0010814707,328.0,0.0
720575940626319235,DNge064,right,134,473.0,0.0,0.0,0.0,13.0,
720575940621530117,DNge039,right,221,1003.0,0.0,0.0,0.0,-51.0,
720575940630480348,DNg102,right,399,1924.0,6.0,10.0,0.005197505,378.0,1.0
720575940617034565,DNp07,left,556,4656.0,1604.0,1768.0,0.3797251,4.0,0.9691577553749084
720575940616647483,DNp19,left,341,3812.0,237.0,1057.0,0.27728227,161.0,0.5054095983505249
720575940624986919,DNa06,left,486,5765.0,-35.0,107.0,0.018560277,-217.0,0.8611111044883728
720575940620038779,DNp47,right,365,2499.0,161.0,363.0,0.1452581,-18.0,0.8358778357505798
720575940605658033,DNge125,right,229,2371.0,-2.0,2.0,0.0008435259,56.0,
720575940616886301,DNp52,left,170,626.0,0.0,0.0,0.0,30.0,
720575940646443316,DNge086,left,196,1547.0,59.0,61.0,0.03943116,305.0,0.6666666865348816
720575940625887207,DNg95,right,151,727.0,-24.0,60.0,0.082530946,-22.0,0.6666666865348816
720575940637341668,DNpe045,left,639,3109.0,69.0,83.0,0.026696688,-29.0,0.8421052694320679
720575940626009852,DNp05,right,456,3681.0,1099.0,1339.0,0.36375985,-101.0,0.8933551907539368
720575940631705130,DNg111,left,516,2835.0,23.0,45.0,0.015873017,20.0,1.0
720575940616400470,DNge039,left,268,1013.0,1.0,1.0,0.0009871669,-42.0,1.0
720575940629774274,DNge144,left,68,198.0,-1.0,1.0,0.005050505,-3.0,
720575940639242303,DNpe053,right,679,1772.0,13.0,33.0,0.018623024,32.0,0.30434781312942505
720575940630291767,DNge046,left,411,2927.0,9.0,17.0,0.0058079944,481.0,0.692307710647583
720575940617296029,DNge139,right,320,2510.0,0.0,2.0,0.00079681276,411.0,1.0
720575940615092019,DNpe042,left,920,3975.0,85.0,115.0,0.028930817,102.0,0.9900000095367432
720575940638637501,DNp102,left,565,5485.0,371.0,1481.0,0.27000913,405.0,0.5107991099357605
720575940629477675,DNge079,left,294,2259.0,1.0,1.0,0.00044267374,227.0,0.0
720575940630689644,DNpe030,left,307,1121.0,2.0,2.0,0.0017841213,171.0,1.0
720575940623786376,DNp24,left,95,183.0,1.0,1.0,0.0054644807,9.0,0.0
720575940632877869,DNg67,right,142,467.0,0.0,0.0,0.0,2.0,
720575940618398533,DNp54,right,649,2563.0,77.0,111.0,0.043308623,55.0,0.8297872543334961
720575940617245652,DNp55,right,486,3717.0,172.0,318.0,0.085552864,17.0,1.0
720575940613717138,DNb04,right,418,1789.0,60.0,76.0,0.042481832,45.0,0.47058823704719543
720575940631483695,DNp101,left,445,2889.0,-9.0,19.0,0.0065766703,-26.0,0.800000011920929
720575940623125628,DNpe020,right,405,1433.0,29.0,45.0,0.03140265,-5.0,0.4324324429035187
720575940608402524,DNbe006,right,375,2495.0,10.0,74.0,0.029659318,86.0,0.0
720575940635838143,DNpe052,left,286,592.0,-25.0,39.0,0.06587838,30.0,1.0
720575940617031385,DNg61,right,225,1499.0,0.0,0.0,0.0,-28.0,
720575940618314897,DNp70,right,1393,7545.0,211.0,357.0,0.047316104,-56.0,0.8309859037399292
720575940629792060,DNge100,left,329,1932.0,0.0,0.0,0.0,-106.0,
720575940647560500,DNg61,left,230,1873.0,0.0,0.0,0.0,-71.0,
720575940627645514,DNp03,left,558,5021.0,2420.0,2584.0,0.51463854,152.0,0.9936051368713379
720575940618514043,DNg54,left,251,1905.0,0.0,0.0,0.0,244.0,
720575940612203482,DNp05,left,491,3481.0,1093.0,1265.0,0.36340132,-35.0,0.8761662244796753
720575940648180868,DNge057,right,218,1301.0,0.0,0.0,0.0,-46.0,
720575940610199781,DNp102,right,584,5461.0,414.0,1438.0,0.26332173,332.0,0.4848812222480774
720575940632962786,DNa16,left,505,8310.0,81.0,105.0,0.012635379,32.0,0.9354838728904724
720575940615251251,DNp47,left,348,2395.0,71.0,253.0,0.105636746,-43.0,0.8703703880310059
720575940613088426,DNb07,left,356,1142.0,-19.0,21.0,0.018388791,-21.0,1.0
720575940606704562,DNpe041,right,140,343.0,0.0,0.0,0.0,0.0,
720575940645556334,DNg81,left,672,2387.0,-3.0,3.0,0.0012568077,96.0,
720575940634750871,DNpe031,left,566,2724.0,146.0,150.0,0.05506608,72.0,0.9864864945411682
720575940633996883,DNge136,left,395,1545.0,2.0,2.0,0.0012944983,234.0,1.0
720575940627139530,DNae002,left,628,9251.0,492.0,798.0,0.086260945,45.0,0.8341085314750671
720575940639425112,DNge007,right,323,3592.0,-2.0,2.0,0.0005567929,-85.0,
720575940629812346,DNde002,left,421,3182.0,57.0,61.0,0.019170333,29.0,0.7118644118309021
720575940629428215,DNpe002,left,430,2926.0,305.0,447.0,0.15276828,66.0,0.9654255509376526
720575940617552569,DNpe032,left,204,1240.0,134.0,338.0,0.27258065,150.0,0.6737288236618042
720575940627403578,DNge057,left,170,812.0,0.0,0.0,0.0,-18.0,
720575940613636325,DNpe005,left,373,1400.0,60.0,82.0,0.058571428,-91.0,0.9295774698257446
720575940632307025,DNg49,left,299,2086.0,93.0,199.0,0.09539789,243.0,0.8630136847496033
720575940614075363,DNge103,right,241,1148.0,-128.0,152.0,0.13240418,167.0,0.9166666865348816
720575940629586417,DNp73,right,358,3070.0,17.0,17.0,0.005537459,84.0,0.8823529481887817
720575940628971779,DNge076,left,180,1148.0,0.0,0.0,0.0,70.0,
720575940624426680,DNp45,left,620,3478.0,38.0,48.0,0.0138010355,63.0,0.9767441749572754
720575940627847752,DNge080,left,310,3523.0,0.0,0.0,0.0,80.0,
720575940621554112,DNpe031,right,586,2602.0,164.0,168.0,0.06456572,84.0,0.9518072009086609
720575940620534768,DNa05,left,297,3353.0,15.0,21.0,0.006263048,-110.0,0.9444444179534912
720575940635166571,DNg60,right,284,2052.0,2.0,2.0,0.0009746589,35.0,1.0
720575940643487342,DNp19,right,391,3920.0,228.0,1092.0,0.27857143,134.0,0.6166666746139526
720575940629846722,DNp64,right,615,2477.0,9.0,45.0,0.018167138,6.0,0.9629629850387573
720575940628360723,DNge049,left,627,4431.0,-11.0,17.0,0.0038366057,552.0,0.6666666865348816
720575940620621190,DNg99,left,381,3165.0,-6.0,26.0,0.00821485,131.0,0.5
720575940623062515,DNa05,right,259,2917.0,2.0,6.0,0.0020569079,-119.0,1.0
720575940623918121,DNge055,left,285,2621.0,0.0,0.0,0.0,-61.0,
720575940636479863,DNpe013,left,300,2116.0,177.0,237.0,0.11200378,210.0,0.8695651888847351
720575940620322497,DNae009,left,890,5817.0,293.0,367.0,0.06309094,-30.0,0.7030302882194519
720575940616185531,DNg62,right,215,1548.0,1.0,1.0,0.00064599485,-41.0,0.0
720575940621157645,DNpe024,right,475,2216.0,256.0,288.0,0.1299639,1.0,1.0
720575940640723315,DNge104,right,542,1577.0,0.0,0.0,0.0,-336.0,
720575940620622708,DNg76,right,61,275.0,0.0,0.0,0.0,-10.0,
720575940610677828,DNge051,left,246,1871.0,0.0,0.0,0.0,-19.0,
720575940616604817,DNpe023,left,383,3163.0,-127.0,127.0,0.040151756,-101.0,
720575940615666655,DNge022,left,150,783.0,-3.0,3.0,0.0038314175,-119.0,
720575940633178508,DNge006,right,155,1375.0,44.0,44.0,0.032,50.0,0.6136363744735718
720575940624121161,DNpe027,right,408,3145.0,95.0,559.0,0.17774245,153.0,0.7828746438026428
720575940610472146,DNp23,left,561,3173.0,7.0,9.0,0.0028364323,-57.0,1.0
720575940606425033,DNge136,right,374,1466.0,0.0,0.0,0.0,180.0,
720575940621626394,DNg102,right,391,1740.0,1.0,7.0,0.0040229885,344.0,1.0
720575940618663838,DNge032,left,290,1031.0,1.0,1.0,0.0009699321,194.0,1.0
720575940615378700,DNp68,left,574,3087.0,-7.0,13.0,0.0042112083,-1.0,1.0
720575940617280657,DNp45,right,603,3689.0,33.0,47.0,0.01274058,112.0,1.0
720575940613838289,DNge132,right,818,4042.0,-1.0,1.0,0.00024740226,-90.0,
720575940621804159,DNp12,left,564,3887.0,303.0,423.0,0.10882428,249.0,0.7906336188316345
720575940627921182,oviDNa_a,left,187,701.0,0.0,0.0,0.0,-32.0,
720575940609376707,DNge048,right,450,2025.0,0.0,0.0,0.0,353.0,
720575940624977847,DNpe050,left,358,2260.0,17.0,17.0,0.007522124,-9.0,1.0
720575940649829241,DNge051,right,246,1917.0,0.0,0.0,0.0,3.0,
720575940639118926,DNg24,right,243,2197.0,1.0,3.0,0.0013654984,-626.0,0.0
720575940620625880,DNpe038,left,324,844.0,4.0,4.0,0.0047393367,49.0,1.0
720575940616597334,DNge063,left,257,1093.0,0.0,0.0,0.0,69.0,
720575940627790991,DNge138,center,666,1823.0,17.0,21.0,0.011519473,18.0,
720575940605162924,DNpe030,right,265,922.0,0.0,0.0,0.0,233.0,
720575940614187006,DNg43,right,283,1814.0,0.0,2.0,0.0011025359,260.0,1.0
720575940631225996,DNp22,right,155,2643.0,254.0,1288.0,0.487325,14.0,0.5784695148468018
720575940642449909,DNge125,left,208,1914.0,-2.0,2.0,0.001044932,59.0,
720575940640486488,DNge127,right,162,963.0,-16.0,20.0,0.020768432,265.0,0.5
720575940613408552,DNa13,left,525,7411.0,-161.0,177.0,0.023883417,50.0,0.875
720575940617290043,DNg86,left,388,1834.0,34.0,42.0,0.022900764,211.0,0.05263157933950424
720575940619038366,DNge083,right,230,1167.0,90.0,104.0,0.08911739,206.0,1.0
720575940626730883,DNg97,left,693,10986.0,-184.0,682.0,0.06207901,616.0,0.6224899888038635
720575940622067165,DNg59,left,326,1096.0,0.0,0.0,0.0,-107.0,
720575940605725873,DNp44,right,185,834.0,16.0,16.0,0.019184653,34.0,1.0
720575940653614838,DNbe002,left,152,423.0,7.0,27.0,0.06382979,83.0,1.0
720575940616293855,DNp15,left,140,1255.0,152.0,194.0,0.15458167,-67.0,0.5028901696205139
720575940624459907,DNde007,right,97,439.0,0.0,0.0,0.0,141.0,
720575940639170723,DNde002,right,441,2745.0,51.0,75.0,0.027322404,12.0,0.8095238208770752
720575940628345610,DNge002,right,237,1323.0,0.0,0.0,0.0,185.0,
720575940623938823,DNb07,right,327,1187.0,-21.0,29.0,0.02443134,-6.0,0.75
720575940633170643,DNp08,right,461,2131.0,330.0,354.0,0.16611919,152.0,0.8538011908531189
720575940631759663,DNa15,left,399,7139.0,-5.0,65.0,0.009104917,39.0,0.46666666865348816
720575940623637226,DNge004,right,202,2395.0,-2.0,2.0,0.00083507306,-47.0,
720575940623276168,DNp35,right,1092,9748.0,2946.0,3072.0,0.31514156,93.0,0.9900299310684204
720575940625182341,DNge083,left,217,1338.0,86.0,102.0,0.076233186,173.0,0.9893617033958435
720575940623781127,DNp103,left,1694,13083.0,2088.0,2258.0,0.17259039,471.0,0.9728485941886902
720575940615798470,DNpe022,left,511,3362.0,218.0,668.0,0.19869125,71.0,0.6433408856391907
720575940639634304,DNge022,right,176,1024.0,1.0,1.0,0.0009765625,-109.0,1.0
720575940607170178,DNge142,right,402,1447.0,-1.0,1.0,0.000691085,339.0,
720575940612488341,DNpe045,right,906,5591.0,103.0,165.0,0.029511714,-77.0,0.858208954334259
720575940629486075,DNg107,left,101,330.0,0.0,0.0,0.0,7.0,
720575940627826760,DNge037,right,612,9211.0,-5.0,5.0,0.0005428292,572.0,
720575940639726141,DNge035,right,291,4559.0,-2.0,2.0,0.0004386927,229.0,
720575940648654468,DNpe036,right,209,957.0,0.0,0.0,0.0,-92.0,
720575940625489160,DNge150,center,292,819.0,6.0,6.0,0.0073260074,72.0,
720575940611735514,DNa11,left,699,6294.0,7.0,261.0,0.041468065,-54.0,1.0
720575940623122125,DNp104,right,725,4741.0,39.0,157.0,0.033115376,-271.0,0.7653061151504517
720575940632991815,DNc01,left,255,502.0,2.0,20.0,0.03984064,108.0,0.0
720575940614236200,DNpe016,right,445,4057.0,-12.0,1266.0,0.31205323,19.0,0.46570971608161926
720575940629509948,DNp25,left,201,455.0,1.0,1.0,0.0021978023,19.0,1.0
720575940627482114,DNd03,left,217,427.0,7.0,21.0,0.04918033,-15.0,0.6428571343421936
720575940631499832,DNpe050,right,352,2403.0,45.0,47.0,0.019558884,1.0,1.0
720575940617399257,DNge048,left,474,1865.0,0.0,0.0,0.0,314.0,
720575940610505006,DNp103,right,1608,13096.0,2176.0,2348.0,0.17929138,508.0,0.9686118364334106
720575940606633248,DNge058,left,133,1065.0,3.0,3.0,0.0028169013,-5.0,1.0
720575940644494752,DNbe007,left,655,7043.0,836.0,1174.0,0.16669033,235.0,0.9890547394752502
720575940606179686,DNpe021,left,751,3610.0,214.0,768.0,0.21274239,10.0,0.9185336232185364
720575940623556755,DNpe016,left,354,3481.0,-46.0,1074.0,0.30853203,28.0,0.3599221706390381
720575940646753412,DNb02,right,187,1478.0,2.0,22.0,0.014884979,-17.0,0.8333333134651184
720575940614581410,DNp59,right,696,3378.0,62.0,92.0,0.02723505,-47.0,0.9350649118423462
720575940627787609,DNa01,left,398,5857.0,-223.0,281.0,0.04797678,-155.0,0.4482758641242981
720575940626562833,DNp66,left,739,3692.0,-12.0,64.0,0.017334778,27.0,1.0
720575940617554577,DNg12_c,right,62,171.0,0.0,0.0,0.0,14.0,
720575940639789475,DNp64,left,655,2800.0,29.0,53.0,0.01892857,1.0,1.0
720575940620354836,DNp14,right,215,841.0,4.0,4.0,0.0047562425,23.0,1.0
720575940629866283,DNpe017,left,458,5663.0,755.0,2239.0,0.39537346,105.0,0.6339345574378967
720575940630607738,DNae007,left,696,6188.0,-53.0,555.0,0.089689724,139.0,0.8446215391159058
720575940614660263,DNd03,right,307,716.0,0.0,20.0,0.02793296,19.0,0.699999988079071
720575940620541099,DNge054,left,692,4608.0,371.0,373.0,0.08094618,418.0,0.9704301357269287
720575940620298772,DNge035,left,351,6747.0,-2.0,2.0,0.00029642804,417.0,
720575940626328707,DNae001,right,342,2349.0,-1.0,9.0,0.0038314175,10.0,0.5
720575940630425083,DNpe006,left,221,685.0,-1.0,79.0,0.11532847,137.0,1.0
720575940653310198,DNbe004,right,816,5945.0,299.0,461.0,0.07754415,73.0,0.5789473652839661
720575940624280066,DNg14,left,74,685.0,0.0,0.0,0.0,-57.0,
720575940628858640,DNp66,right,696,3984.0,-43.0,59.0,0.014809237,20.0,1.0
720575940627432680,DNa04,right,526,6378.0,276.0,304.0,0.047663845,-70.0,0.9793103337287903
720575940613915823,DNpe005,right,468,2562.0,67.0,121.0,0.047228727,-132.0,0.9680851101875305
720575940621031006,DNp48,right,512,1943.0,1.0,1.0,0.00051466806,0.0,1.0
720575940616936226,DNb02,left,184,1433.0,-2.0,10.0,0.006978367,-25.0,0.75
720575940639152361,DNg84,right,839,4224.0,0.0,0.0,0.0,-154.0,
720575940647586948,DNge050,right,525,6868.0,1.0,1.0,0.0001456028,370.0,0.0
720575940631520312,aSP22,right,706,3532.0,122.0,198.0,0.05605889,-5.0,0.887499988079071
720575940623164685,DNge003,left,245,3332.0,-1.0,1.0,0.00030012004,-12.0,
720575940623925173,DNp65,left,154,730.0,0.0,0.0,0.0,-156.0,
720575940622933765,DNge137,left,145,703.0,0.0,0.0,0.0,79.0,
720575940627107721,DNge036,right,420,7411.0,0.0,0.0,0.0,380.0,
720575940625047479,DNg26,left,126,612.0,0.0,0.0,0.0,132.0,
720575940614089726,DNg101,right,417,1796.0,-5.0,9.0,0.0050111357,113.0,1.0
720575940644542880,DNge023,left,184,1873.0,0.0,0.0,0.0,37.0,
720575940611782874,DNp25,right,232,549.0,-3.0,7.0,0.012750455,12.0,0.5
720575940629502251,DNbe007,right,669,6906.0,844.0,1124.0,0.16275702,188.0,0.9979674816131592
720575940614342038,DNge047,left,447,1363.0,18.0,30.0,0.022010272,403.0,1.0
720575940623431351,DNp15,right,175,2085.0,209.0,297.0,0.14244604,-34.0,0.7075098752975464
720575940631122191,DNp43,left,600,3783.0,199.0,253.0,0.06687814,-29.0,1.0
720575940641173632,DNp69,left,931,7368.0,285.0,369.0,0.050081432,-6.0,0.9724770784378052
720575940635355804,DNge135,left,421,2730.0,31.0,31.0,0.011355312,282.0,0.8709677457809448
720575940622540899,DNb02,right,189,1330.0,-3.0,21.0,0.015789473,-16.0,0.6666666865348816
720575940629757036,DNp04,right,369,2591.0,1146.0,1726.0,0.66615206,15.0,1.0
720575940631925156,DNpe017,right,422,4742.0,463.0,1719.0,0.3625053,100.0,0.6168652772903442
720575940632472850,DNpe056,right,855,4684.0,683.0,745.0,0.15905209,171.0,0.9971988797187805
720575940645176264,DNp24,right,138,319.0,0.0,0.0,0.0,12.0,
720575940623355114,DNg88,right,448,6567.0,-16.0,16.0,0.0024364246,-157.0,
720575940632486969,DNge036,left,482,9146.0,0.0,0.0,0.0,246.0,
720575940624766700,DNpe020,left,456,1651.0,12.0,36.0,0.021804966,-36.0,0.5
720575940616286175,DNa13,left,583,8041.0,-172.0,178.0,0.02213655,114.0,1.0
720575940638989894,DNge026,right,302,2483.0,-22.0,42.0,0.016915021,121.0,0.5
720575940628659049,DNge137,right,121,501.0,0.0,0.0,0.0,47.0,
720575940626524702,DNg71,left,230,1524.0,0.0,8.0,0.005249344,-48.0,1.0
720575940622321110,DNbe002,right,380,1185.0,58.0,92.0,0.07763713,112.0,0.8666666746139526
720575940616376287,DNg39,left,508,2746.0,42.0,42.0,0.015294975,202.0,1.0
720575940622195625,DNge003,right,247,3038.0,0.0,0.0,0.0,-4.0,
720575940628264585,DNge129,right,501,2509.0,-8.0,8.0,0.0031885214,651.0,
720575940627015196,DNg108,left,661,7845.0,1.0,3.0,0.00038240917,951.0,1.0
720575940618594022,DNp42,left,743,4709.0,74.0,104.0,0.022085369,-6.0,0.8651685118675232
720575940622010373,DNg55,center,503,4236.0,2.0,2.0,0.00047214353,421.0,
720575940620918789,DNa03,left,654,13744.0,-406.0,434.0,0.031577416,8.0,0.6428571343421936
720575940608188427,DNge037,left,702,8779.0,-16.0,16.0,0.001822531,118.0,
720575940627099338,DNge062,left,295,2116.0,6.0,6.0,0.0028355387,198.0,1.0
720575940632043576,DNg108,right,660,8049.0,1.0,1.0,0.00012423904,1004.0,0.0
720575940634458719,DNpe056,left,791,3470.0,549.0,589.0,0.16974063,134.0,0.9964850544929504
720575940623385894,DNde005,right,347,2255.0,-57.0,91.0,0.040354766,212.0,1.0
720575940644166048,DNp20,right,86,1477.0,296.0,1068.0,0.7230873,5.0,0.7991202473640442
720575940655587489,DNp73,left,287,2976.0,-3.0,7.0,0.0023521506,3.0,0.0
720575940629805950,DNg35,right,1181,10447.0,3.0,3.0,0.00028716377,138.0,1.0
720575940622263066,DNge135,right,498,3087.0,31.0,39.0,0.0126336245,448.0,0.9714285731315613
720575940631282194,DNg104,left,596,2084.0,80.0,92.0,0.044145875,170.0,0.0
720575940645352814,DNge040,left,257,1826.0,0.0,4.0,0.0021905806,4.0,1.0
720575940627825923,DNg15,left,692,5373.0,0.0,0.0,0.0,-143.0,
720575940607761244,DNg29,right,597,3833.0,0.0,4.0,0.0010435691,-180.0,0.5
720575940619432261,DNp26,left,596,5851.0,2409.0,2709.0,0.46299776,-136.0,0.8667448163032532
720575940627771279,DNd02,right,341,891.0,-11.0,23.0,0.025813693,24.0,1.0
720575940622673860,DNp06,left,1069,10488.0,1535.0,1627.0,0.15512967,637.0,0.9639468789100647
720575940614165201,DNge028,right,152,947.0,0.0,0.0,0.0,-34.0,
720575940621667693,DNg28,left,236,1474.0,0.0,0.0,0.0,-244.0,
720575940621519130,DNa16,right,517,9662.0,10.0,64.0,0.0066238875,83.0,0.9189189076423645
720575940632189900,DNp31,left,917,10652.0,2116.0,3118.0,0.29271498,-215.0,0.9071455597877502
720575940629041879,DNb06,right,221,4691.0,211.0,683.0,0.14559795,-13.0,0.8165547847747803
720575940613339875,DNge129,left,572,3445.0,-17.0,29.0,0.0084179975,903.0,0.6666666865348816
720575940618936710,DNp58,right,176,1319.0,0.0,0.0,0.0,-266.0,
720575940631309866,DNp58,left,163,1126.0,0.0,0.0,0.0,-274.0,
720575940660220289,DNge143,left,309,1147.0,0.0,0.0,0.0,21.0,
720575940620878785,DNp65,right,154,779.0,0.0,0.0,0.0,-133.0,
720575940621319156,DNge027,left,172,1216.0,-2.0,2.0,0.0016447369,49.0,
720575940626085562,DNg93,left,315,2946.0,-6.0,6.0,0.00203666,-240.0,
720575940629390123,DNp20,left,78,1115.0,207.0,833.0,0.7470852,0.0,0.7807692289352417
720575940630758418,DNb01,right,630,6495.0,130.0,566.0,0.08714396,-16.0,0.1149425283074379
720575940613019541,DNg93,right,309,2788.0,-2.0,2.0,0.0007173601,-233.0,
720575940617432065,DNge027,right,203,1467.0,0.0,0.0,0.0,111.0,
720575940611813842,DNge050,left,543,8486.0,-2.0,2.0,0.0002356823,456.0,
720575940622160560,DNg71,right,258,2122.0,1.0,13.0,0.006126296,-48.0,1.0
720575940640978048,DNg100,left,634,9431.0,0.0,8.0,0.00084826635,-390.0,0.0
720575940630868281,DNae010,right,353,4808.0,-20.0,184.0,0.03826955,-102.0,0.4390243887901306
720575940630119532,DNge172,right,98,500.0,0.0,0.0,0.0,-143.0,
720575940621065301,DNg88,left,394,5463.0,-13.0,13.0,0.002379645,-350.0,
720575940619116061,DNbe002,right,330,943.0,33.0,51.0,0.054082714,127.0,0.976190447807312
720575940625502666,DNa13,right,611,8278.0,-142.0,160.0,0.01932834,103.0,1.0
720575940647228468,DNg100,right,550,7971.0,-1.0,9.0,0.001129093,-303.0,0.25
720575940641148149,DNp42,right,884,7200.0,133.0,197.0,0.027361112,-8.0,0.8606060743331909
720575940630085583,DNa03,right,641,12575.0,-326.0,394.0,0.03133201,9.0,0.6470588445663452
720575940623019544,DNa11,right,787,7019.0,-58.0,278.0,0.03960678,-14.0,0.9909090995788574
720575940613917359,DNge107,right,462,3841.0,151.0,895.0,0.23301223,4.0,0.5564053654670715
720575940618574749,DNg35,left,1260,11638.0,9.0,11.0,0.0009451796,305.0,1.0
720575940632539788,DNbe001,right,1071,9928.0,2014.0,2328.0,0.23448831,-116.0,0.9585444331169128
720575940637308605,DNb06,left,223,4991.0,370.0,900.0,0.18032458,-25.0,0.787401556968689
720575940646160948,DNpe048,left,403,1248.0,6.0,6.0,0.0048076925,5.0,0.8333333134651184
720575940637607646,DNa13,right,547,7979.0,-147.0,155.0,0.019425994,117.0,1.0
720575940617448331,DNpe048,right,366,1182.0,4.0,4.0,0.0033840947,3.0,0.25
720575940620054694,DNp11,left,977,4581.0,1238.0,1714.0,0.37415412,-39.0,0.9979674816131592
720575940628352850,DNb05,left,996,12044.0,3207.0,3741.0,0.3106111,-75.0,0.9922279715538025
720575940636454136,DNae009,right,959,6331.0,356.0,410.0,0.0647607,-56.0,0.7571801543235779
720575940625295339,DNp13,right,391,2621.0,76.0,84.0,0.032048836,174.0,1.0
720575940629461442,DNb05,right,961,12822.0,3420.0,3998.0,0.31180784,-136.0,0.99730384349823
720575940641480949,DNg16,right,556,9196.0,-11.0,11.0,0.0011961722,224.0,
720575940622675421,DNp29,left,520,898.0,-15.0,15.0,0.016703786,66.0,
720575940623446860,DNg30,right,332,830.0,11.0,23.0,0.027710844,32.0,0.47058823704719543
720575940617904208,DNp62,right,564,1576.0,2.0,2.0,0.0012690355,31.0,0.5
720575940629413962,DNp27,right,577,985.0,53.0,301.0,0.30558375,10.0,0.5028248429298401
720575940618440000,DNp18,left,418,5292.0,300.0,1116.0,0.21088435,127.0,0.6200565099716187
720575940628731140,DNp27,left,1429,3973.0,770.0,1580.0,0.39768437,32.0,0.8263829946517944
720575940632499757,DNp01,right,483,5147.0,1040.0,1076.0,0.20905381,-63.0,0.9971644878387451
720575940622838154,DNp01,left,479,4327.0,832.0,850.0,0.19644095,-20.0,0.9988109469413757
720575940650929273,DNp32,left,1349,4221.0,96.0,122.0,0.028903104,107.0,0.9082568883895874
720575940616935838,DNg10,right,41,129.0,0.0,0.0,0.0,-45.0,
720575940631855663,DNg10,right,58,207.0,0.0,0.0,0.0,-45.0,
720575940619590360,DNge115,left,29,48.0,5.0,5.0,0.104166664,-1.0,0.800000011920929
720575940626557442,DNge173,right,210,3137.0,0.0,0.0,0.0,143.0,
720575940630221563,DNge019,left,85,397.0,0.0,0.0,0.0,7.0,
720575940608960722,DNg12_b,left,29,80.0,0.0,0.0,0.0,8.0,
720575940632698541,DNg12_b,left,31,92.0,0.0,0.0,0.0,-1.0,
720575940611700520,DNg12_b,left,60,168.0,1.0,1.0,0.005952381,-6.0,1.0
720575940612427414,DNge020,left,45,141.0,0.0,0.0,0.0,-9.0,
720575940612427670,DNg12_e,left,113,403.0,0.0,0.0,0.0,21.0,
720575940632355885,DNge020,left,48,171.0,0.0,0.0,0.0,-1.0,
720575940617993607,DNg12_b,left,57,147.0,0.0,0.0,0.0,-3.0,
720575940618147520,DNg12_b,left,49,187.0,0.0,0.0,0.0,16.0,
720575940618762605,DNg12_b,left,34,128.0,0.0,0.0,0.0,5.0,
720575940619133878,DNge019,left,46,204.0,0.0,0.0,0.0,22.0,
720575940619524852,DNg12_b,left,28,79.0,0.0,0.0,0.0,-2.0,
720575940621181066,DNge024,left,38,104.0,0.0,0.0,0.0,-3.0,
720575940628445169,DNge024,left,52,118.0,0.0,0.0,0.0,-5.0,
720575940625422609,DNg12_b,left,63,330.0,0.0,0.0,0.0,18.0,
720575940626849546,DNge019,left,111,504.0,0.0,0.0,0.0,-12.0,
720575940628378440,DNge021,left,101,416.0,0.0,0.0,0.0,-14.0,
720575940617074393,DNg12_a,left,65,151.0,-1.0,1.0,0.0066225166,16.0,
720575940615623051,DNg12_b,left,24,60.0,-1.0,1.0,0.016666668,2.0,
720575940632620991,DNge019,left,59,269.0,0.0,0.0,0.0,25.0,
720575940633529548,DNg74_a,left,420,7824.0,-11.0,11.0,0.0014059305,522.0,
720575940613816062,DNg106,left,140,485.0,0.0,2.0,0.0041237115,28.0,0.0
720575940618818395,DNg08_b,left,44,106.0,0.0,0.0,0.0,-28.0,
720575940631091407,DNge099,left,457,1904.0,1.0,5.0,0.0026260505,71.0,0.6666666865348816
720575940620231590,DNge088,left,123,1276.0,122.0,250.0,0.19592476,4.0,0.8387096524238586
720575940613929391,DNg38,left,257,1927.0,0.0,0.0,0.0,-41.0,
720575940631593753,DNg08_b,left,40,97.0,0.0,0.0,0.0,-10.0,
720575940636761926,DNg08_a,left,83,282.0,0.0,0.0,0.0,34.0,
720575940622332403,DNge020,left,31,61.0,0.0,0.0,0.0,-6.0,
720575940631035603,DNge024,left,36,90.0,0.0,0.0,0.0,-8.0,
720575940623468691,DNa10,left,1075,9070.0,2140.0,2248.0,0.24785006,84.0,0.7611668109893799
720575940633543531,DNg06,left,70,181.0,-1.0,1.0,0.005524862,-15.0,
720575940629806974,DNge078,right,204,1291.0,0.0,0.0,0.0,49.0,
720575940634229871,DNg21,left,105,499.0,0.0,0.0,0.0,-39.0,
720575940614235323,DNge029,left,83,249.0,1.0,1.0,0.004016064,17.0,1.0
720575940620297819,DNge123,left,223,1105.0,0.0,0.0,0.0,-4.0,
720575940616471052,DNg13,left,432,4555.0,27.0,61.0,0.013391877,169.0,0.9090909361839294
720575940630682618,DNg08_a,right,87,280.0,0.0,2.0,0.007142857,12.0,1.0
720575940628881576,DNg52,right,287,1288.0,-2.0,2.0,0.0015527951,117.0,
720575940632339425,DNg08_b,right,86,286.0,1.0,1.0,0.0034965035,-17.0,1.0
720575940629686339,DNpe012,right,100,256.0,-2.0,50.0,0.1953125,-1.0,0.125
720575940618947956,DNge020,left,33,94.0,0.0,0.0,0.0,-3.0,
720575940616353675,DNge009,left,68,183.0,0.0,0.0,0.0,-7.0,
720575940617568697,DNge001,left,120,567.0,0.0,0.0,0.0,-6.0,
720575940625733351,DNc02,right,525,904.0,16.0,46.0,0.050884955,145.0,0.16129031777381897
720575940623068841,DNde007,left,110,462.0,0.0,0.0,0.0,98.0,
720575940639353552,DNg06,right,46,85.0,-4.0,4.0,0.047058824,-13.0,
720575940619074836,DNg05_b,left,36,60.0,0.0,0.0,0.0,-2.0,
720575940624991495,DNge172,left,87,537.0,0.0,0.0,0.0,-138.0,
720575940627417619,DNg12_c,right,70,328.0,0.0,0.0,0.0,52.0,
720575940604727264,DNge020,right,79,271.0,0.0,0.0,0.0,39.0,
720575940631518582,DNg12_b,right,60,265.0,0.0,0.0,0.0,6.0,
720575940618393478,DNge020,right,36,113.0,0.0,0.0,0.0,-3.0,
720575940631662648,DNge106,right,140,1474.0,0.0,0.0,0.0,14.0,
720575940631108559,DNg12_b,right,52,219.0,0.0,0.0,0.0,9.0,
720575940626527055,DNg12_e,right,99,303.0,1.0,1.0,0.0033003301,43.0,1.0
720575940622478349,DNge024,right,48,113.0,0.0,0.0,0.0,-6.0,
720575940608735241,DNg38,right,259,1941.0,0.0,0.0,0.0,-11.0,
720575940645032068,DNge024,right,36,87.0,0.0,0.0,0.0,-4.0,
720575940623781611,DNge105,right,308,1132.0,0.0,2.0,0.0017667845,62.0,1.0
720575940621246068,DNg101,left,478,2271.0,-3.0,5.0,0.0022016733,155.0,1.0
720575940630244060,DNg33,right,132,563.0,-4.0,10.0,0.017761989,145.0,0.6666666865348816
720575940612376805,DNg21,right,96,355.0,0.0,0.0,0.0,-21.0,
720575940630808827,DNg68,right,285,1623.0,2.0,2.0,0.0012322859,222.0,0.0
720575940627285267,DNge174,right,124,1475.0,0.0,0.0,0.0,146.0,
720575940624319124,DNg62,left,154,1174.0,-1.0,1.0,0.00085178873,27.0,
720575940606112940,DNg13,right,448,4640.0,26.0,40.0,0.00862069,93.0,0.8484848737716675
720575940628844712,DNg44,right,224,947.0,0.0,0.0,0.0,76.0,
720575940627234069,DNge069,right,155,1033.0,1.0,1.0,0.0009680542,-34.0,1.0
720575940612206810,DNge034,left,72,236.0,3.0,3.0,0.012711864,16.0,1.0
720575940619077755,DNge029,right,92,284.0,0.0,0.0,0.0,21.0,
720575940612629210,DNge088,right,109,1081.0,114.0,220.0,0.20351526,-10.0,0.7305389046669006
720575940647029044,DNg105,right,436,5435.0,1.0,1.0,0.00018399264,525.0,1.0
720575940621801456,DNge120,left,128,357.0,0.0,0.0,0.0,-6.0,
720575940621767306,DNg12_e,left,86,210.0,0.0,0.0,0.0,13.0,
720575940604470956,DNg63,right,234,1365.0,23.0,23.0,0.016849818,-74.0,1.0
720575940609948514,DNg32,right,255,986.0,29.0,39.0,0.039553754,-8.0,0.3529411852359772
720575940627500279,DNg12_e,left,120,355.0,0.0,0.0,0.0,29.0,
720575940605513649,DNg90,right,357,2471.0,66.0,122.0,0.049372725,179.0,0.8510638475418091
720575940624897516,DNg105,left,476,6870.0,0.0,0.0,0.0,605.0,
720575940624967463,DNg52,left,260,1198.0,0.0,2.0,0.001669449,113.0,0.0
720575940626799920,DNg106,right,151,419.0,0.0,0.0,0.0,67.0,
720575940622760269,DNg08_b,right,100,366.0,1.0,1.0,0.0027322404,6.0,1.0
720575940624748419,DNg08_a,right,68,237.0,3.0,3.0,0.012658228,-39.0,0.3333333432674408
720575940626936324,DNg106,right,111,330.0,0.0,0.0,0.0,13.0,
720575940622500172,DNg74_a,right,424,7609.0,-8.0,8.0,0.0010513865,610.0,
720575940624131913,DNg08_a,right,106,394.0,2.0,2.0,0.005076142,4.0,1.0
720575940618051801,DNg08_a,left,73,229.0,-1.0,1.0,0.0043668123,12.0,
720575940634862943,DNge076,right,172,1026.0,0.0,0.0,0.0,88.0,
720575940622878719,DNg106,right,135,425.0,0.0,0.0,0.0,20.0,
720575940622996579,DNg40,right,575,4126.0,485.0,495.0,0.11997092,124.0,0.9979591965675354
720575940621274845,DNg08_b,right,60,218.0,0.0,0.0,0.0,-10.0,
720575940625937340,DNg106,right,148,528.0,-1.0,1.0,0.0018939395,34.0,
720575940635564896,DNg08_a,right,76,212.0,-1.0,1.0,0.004716981,-17.0,
720575940616688286,DNg08_a,right,56,176.0,0.0,0.0,0.0,-46.0,
720575940617035153,DNg106,left,157,512.0,1.0,1.0,0.001953125,36.0,1.0
720575940620929483,DNg106,left,168,604.0,0.0,0.0,0.0,32.0,
720575940630059087,DNg106,left,156,504.0,1.0,1.0,0.001984127,10.0,0.0
720575940631543414,DNge120,right,80,197.0,0.0,0.0,0.0,-10.0,
720575940621471157,DNg08_a,right,99,396.0,0.0,0.0,0.0,66.0,
720575940631973207,DNg08_b,left,78,231.0,0.0,0.0,0.0,-3.0,
720575940618405686,DNge069,left,132,688.0,0.0,0.0,0.0,-16.0,
720575940639705077,DNg106,left,138,549.0,0.0,0.0,0.0,89.0,
720575940623033532,DNg08_a,left,59,170.0,1.0,1.0,0.005882353,-8.0,0.0
720575940608076739,DNg08_a,left,88,262.0,0.0,0.0,0.0,-1.0,
720575940629438508,DNg106,right,150,526.0,0.0,2.0,0.0038022813,14.0,0.0
720575940645534516,DNg95,left,109,454.0,-26.0,48.0,0.105726875,-27.0,0.3636363744735718
720575940632458514,DNg08_b,left,51,115.0,0.0,0.0,0.0,11.0,
720575940609417995,DNge147,left,238,1049.0,1.0,1.0,0.00095328887,74.0,1.0
720575940615671106,DNge059,left,360,5920.0,0.0,0.0,0.0,-185.0,
720575940645045527,DNge174,left,139,1610.0,0.0,0.0,0.0,137.0,
720575940610001220,DNge173,left,210,2891.0,0.0,0.0,0.0,136.0,
720575940627812168,DNg47,left,300,2334.0,0.0,0.0,0.0,132.0,
720575940637648485,DNg20,left,331,650.0,0.0,0.0,0.0,-51.0,
720575940626816062,DNg83,left,280,445.0,0.0,0.0,0.0,-34.0,
720575940628659305,DNg65,left,166,980.0,0.0,0.0,0.0,142.0,
720575940635179871,DNg103,left,402,1954.0,0.0,0.0,0.0,206.0,
720575940620543025,DNg34,left,317,945.0,5.0,11.0,0.011640212,188.0,0.5
720575940623426854,DNg73,left,128,928.0,-3.0,3.0,0.0032327587,-9.0,
720575940660269185,DNg106,left,160,519.0,0.0,0.0,0.0,16.0,
720575940625863728,DNg109,left,315,1130.0,0.0,2.0,0.0017699115,145.0,0.0
720575940605300140,DNg26,right,140,576.0,0.0,0.0,0.0,97.0,
720575940626672058,DNge056,left,565,2598.0,0.0,0.0,0.0,246.0,
720575940623128269,DNg37,left,458,2656.0,6.0,6.0,0.002259036,-162.0,0.0
720575940619757366,DNg27,left,288,1281.0,1.0,1.0,0.0007806401,31.0,1.0
720575940610605614,DNge119,left,553,2876.0,2.0,2.0,0.0006954103,421.0,0.5
720575940612036837,DNg96,left,308,4030.0,0.0,0.0,0.0,-82.0,
720575940634459290,DNb08,right,483,6176.0,-12.0,62.0,0.01003886,346.0,1.0
720575940625006776,DNde006,right,330,982.0,-1.0,1.0,0.00101833,92.0,
720575940619877396,DNge059,right,321,5335.0,0.0,0.0,0.0,-206.0,
720575940631629160,DNg47,right,229,1244.0,0.0,0.0,0.0,91.0,
720575940621107847,DNge131,right,133,737.0,0.0,0.0,0.0,206.0,
720575940611735002,DNg79,right,282,1168.0,80.0,152.0,0.13013698,16.0,0.9051724076271057
720575940659356545,DNge005,right,80,298.0,0.0,0.0,0.0,46.0,
720575940628883535,DNge099,right,418,1907.0,1.0,3.0,0.0015731516,97.0,0.5
720575940627044885,DNge141,right,372,1901.0,107.0,239.0,0.1257233,709.0,0.8034682273864746
720575940633781217,DNg107,right,118,455.0,0.0,0.0,0.0,63.0,
720575940628030440,DNg22,right,223,831.0,0.0,0.0,0.0,-31.0,
720575940630274459,DNg26,left,149,587.0,0.0,0.0,0.0,112.0,
720575940614384757,DNg17,right,91,230.0,0.0,0.0,0.0,16.0,
720575940624333802,DNg37,right,428,3074.0,20.0,20.0,0.006506181,-48.0,0.0
720575940606753884,DNxl114,right,21,32.0,0.0,0.0,0.0,3.0,
720575940606866377,DNg103,right,382,1936.0,0.0,0.0,0.0,199.0,
