root_id,flow,super_class,cell_class,cell_sub_class,cell_type,hemibrain_type,side,nerve,top_nt
720575940624402173,efferent,descending,,,DNpe053,SMP454,left,CV,acetylcholine
720575940627055303,efferent,descending,,,DNp53,PS169,left,CV,acetylcholine
720575940631082808,efferent,descending,,,MDN,MDN,left,CV,acetylcholine
720575940623037720,efferent,descending,,,DNge104,,left,CV,gaba
720575940629543409,efferent,descending,,,DNg68,,left,CV,acetylcholine
720575940618666142,efferent,descending,,,DNg33,,left,CV,acetylcholine
720575940638109668,efferent,descending,,,DNg89,,left,CV,gaba
720575940630697078,efferent,descending,,,DNg80,,left,CV,glutamate
720575940610610841,efferent,descending,,,DNg26,,right,CV,serotonin
720575940618870881,efferent,descending,,,DNpe009,PS226,left,CV,acetylcholine
720575940608145026,efferent,descending,,,DNpe027,PS166,left,CV,acetylcholine
720575940619905916,efferent,descending,,,DNge085,,left,CV,gaba
720575940625306603,efferent,descending,,,DNge011,,left,CV,acetylcholine
720575940612014131,efferent,descending,,,DNg02_a,,left,CV,serotonin
720575940620804566,efferent,descending,,,DNge094,,left,CV,acetylcholine
720575940624877360,efferent,descending,,,DNg102,,left,CV,gaba
720575940614843275,efferent,descending,,,DNg82,,left,CV,acetylcholine
720575940611462885,efferent,descending,,,DNg92_a,,left,CV,acetylcholine
720575940614730914,efferent,descending,,,DNg75,hb1874217622,left,CV,acetylcholine
720575940626229337,efferent,descending,,,DNge015,,left,CV,acetylcholine
720575940612058543,efferent,descending,,,DNge145,,left,CV,acetylcholine
720575940632626402,efferent,descending,,,DNge111,,left,CV,acetylcholine
720575940639159797,efferent,descending,,,DNg51,,left,CV,acetylcholine
720575940611881139,efferent,descending,,,DNge068,,left,CV,glutamate
720575940622579967,efferent,descending,,,DNg29,,left,CV,acetylcholine
720575940621082111,efferent,descending,,,DNge061,,left,CV,
720575940625187940,efferent,descending,,,DNge091,,left,CV,acetylcholine
720575940621700789,efferent,descending,,,DNg36_b,,left,CV,acetylcholine
720575940633228172,efferent,descending,,,DNg48,,left,CV,acetylcholine
720575940637612974,efferent,descending,,,DNge105,,left,CV,acetylcholine
720575940618519454,efferent,descending,,,DNge025,,left,CV,acetylcholine
720575940625872688,efferent,descending,,,DNg12_a,,left,CV,acetylcholine
720575940620156283,efferent,descending,,,DNp30,DSKMP1A,left,CV,serotonin
720575940624801771,efferent,descending,,,DNpe040,CL320,left,CV,acetylcholine
720575940621947653,efferent,descending,,,DNg64,,right,CV,gaba
720575940610604078,efferent,descending,,,DNge136,,right,CV,gaba
720575940620300308,efferent,descending,,,DNg97,,right,CV,acetylcholine
720575940633228103,efferent,descending,,,DNp30,DSKMP1A,right,CV,serotonin
720575940628487153,efferent,descending,,,DNge085,,right,CV,acetylcholine
720575940614129617,efferent,descending,,,DNge019,,right,CV,acetylcholine
720575940625870640,efferent,descending,,,DNg15,,right,CV,acetylcholine
720575940623338281,efferent,descending,,,DNg98,,right,CV,gaba
720575940640325429,efferent,descending,,,DNa06,PS039,right,CV,acetylcholine
720575940632836675,efferent,descending,,,DNp41,"PS294,PS295,PS298",right,CV,acetylcholine
720575940622204186,efferent,descending,,,DNae003,PS040,right,CV,acetylcholine
720575940632512156,efferent,descending,,,DNpe038,SLP410,right,CV,acetylcholine
720575940603980256,efferent,descending,,,oviDNb,oviDNb,right,CV,acetylcholine
720575940621196037,efferent,descending,,,DNpe044,SMP479,right,CV,acetylcholine
720575940641781133,efferent,descending,,,DNg12_e,,right,CV,acetylcholine
720575940615958203,efferent,descending,,,DNg12_a,,right,CV,acetylcholine
720575940605282406,efferent,descending,,,DNg12_e,,right,CV,acetylcholine
720575940627419676,efferent,descending,,,DNge034,,right,CV,glutamate
720575940615659521,efferent,descending,,,DNge091,,right,CV,gaba
720575940614181585,efferent,descending,,,DNg07,,right,CV,acetylcholine
720575940625642302,efferent,descending,,,DNge020,,right,CV,acetylcholine
720575940612804606,efferent,descending,,,DNg02_a,,right,CV,acetylcholine
720575940637530084,efferent,descending,,,DNge001,,right,CV,acetylcholine
720575940627949589,efferent,descending,,,DNp18,DNp18,right,CV,acetylcholine
720575940623582867,efferent,descending,,,DNp46,CL206,right,CV,acetylcholine
720575940604737708,efferent,descending,,,DNa02,DNa02,right,CV,acetylcholine
720575940620380449,efferent,descending,,,DNae002,DNa04,right,CV,acetylcholine
720575940625747812,efferent,descending,,,DNp49,DNp49,right,CV,glutamate
720575940633095137,efferent,descending,,,DNp71,DNp09,right,CV,acetylcholine
720575940623222712,efferent,descending,,,DNg03,,right,CV,acetylcholine
720575940622929193,efferent,descending,,,DNg36_a,,right,CV,acetylcholine
720575940647478148,efferent,descending,,,DNg07,,right,CV,acetylcholine
720575940623899082,efferent,descending,,,DNge094,,right,CV,serotonin
720575940623137212,efferent,descending,,,DNge044,,left,CV,acetylcholine
720575940637424547,efferent,descending,,,DNg06,,right,CV,acetylcholine
720575940626295396,efferent,descending,,,DNg85,,right,CV,acetylcholine
720575940624154604,efferent,descending,,,DNge087,,right,CV,gaba
720575940627087646,efferent,descending,,,DNg74_b,,right,CV,gaba
720575940631469452,efferent,descending,,,DNge134,,left,CV,glutamate
720575940631342073,efferent,descending,,,DNge122,,right,CV,gaba
720575940631299855,efferent,descending,,,DNg49,,right,CV,acetylcholine
720575940610173048,efferent,descending,,,DNg28,,right,CV,acetylcholine
720575940646764579,efferent,descending,,,DNge006,,left,CV,acetylcholine
720575940615323298,efferent,descending,,,DNg72,,left,CV,glutamate
720575940624651189,efferent,descending,,,DNge084,,left,CV,glutamate
720575940634525303,efferent,descending,,,DNge071,,left,CV,gaba
720575940630665210,efferent,descending,,,DNg28,,left,CV,gaba
720575940618167579,efferent,descending,,,DNae001,DNa01,left,CV,acetylcholine
720575940627368723,efferent,descending,,,DNde005,VES028,left,CV,acetylcholine
720575940634253281,efferent,descending,,,DNae003,PS040,left,CV,acetylcholine
720575940642894628,efferent,descending,,,DNp34,DNp34,left,CV,acetylcholine
720575940627366675,efferent,descending,,,DNg72,,left,CV,glutamate
720575940616649845,efferent,descending,,,DNpe003,"VES069,VES081",left,CV,acetylcholine
720575940604284128,efferent,descending,,,DNpe009,PS226,right,CV,acetylcholine
720575940618203707,efferent,descending,,,DNc02,SIFa,left,CV,dopamine
720575940622565590,efferent,descending,,,DNge047,,right,CV,dopamine
720575940627490459,efferent,descending,,,DNge130,,left,CV,acetylcholine
720575940604930481,efferent,descending,,,DNge019,,left,CV,acetylcholine
720575940632407826,efferent,descending,,,DNg70,,left,CV,gaba
720575940647031860,efferent,descending,,,DNge122,,left,CV,gaba
720575940636656632,efferent,descending,,,DNg74_b,,left,CV,gaba
720575940623503318,efferent,descending,,,DNg104,,right,CV,octopamine
720575940612805118,efferent,descending,,,DNg10,,right,CV,acetylcholine
720575940649809273,efferent,descending,,,DNg56,,right,CV,gaba
720575940645047831,efferent,descending,,,DNg16,,left,CV,acetylcholine
720575940626993694,efferent,descending,,,DNge007,,left,CV,acetylcholine
720575940639802685,efferent,descending,,,DNge085,,left,CV,glutamate
720575940622248453,efferent,descending,,,DNge148,,left,CV,acetylcholine
720575940626859283,efferent,descending,,,DNp60,CL139,right,CV,acetylcholine
720575940641833869,efferent,descending,,,DNg73,,right,CV,acetylcholine
720575940609260494,efferent,descending,,,DNg14,,right,CV,gaba
720575940615378399,efferent,descending,,,DNg83,,right,CV,gaba
720575940660229505,efferent,descending,,,DNg31,,right,CV,gaba
720575940620153765,efferent,descending,,,DNp10,DNp10,left,CV,acetylcholine
720575940640194493,efferent,descending,,,DNg08_b,,right,CV,glutamate
720575940632178892,efferent,descending,,,DNge147,,right,CV,acetylcholine
720575940639314229,efferent,descending,,,DNge141,,left,CV,gaba
720575940629064186,efferent,descending,,,DNde003,LAL106,right,CV,acetylcholine
720575940607378633,efferent,descending,,,DNpe039,CL306,left,CV,acetylcholine
720575940628125715,efferent,descending,,,DNg87,,left,CV,acetylcholine
720575940628627867,efferent,descending,,,DNbe003,hb5813024933,right,CV,acetylcholine
720575940625376062,efferent,descending,,,DNg08_a,,right,CV,gaba
720575940625558730,efferent,descending,,,DNbe005,PS069,right,CV,glutamate
720575940626834698,efferent,descending,,,DNg12_b,,right,CV,acetylcholine
720575940642027464,efferent,descending,,,DNg03,,right,CV,gaba
720575940610091955,efferent,descending,,,DNge113,,left,CV,acetylcholine
720575940630610042,efferent,descending,,,DNp32,DNp32,right,CV,dopamine
720575940617140597,efferent,descending,,,DNpe024,CL325,left,CV,acetylcholine
720575940632524559,efferent,descending,,,DNg70,,right,CV,gaba
720575940639159029,efferent,descending,,,DNg36_a,,left,CV,acetylcholine
720575940625253649,efferent,descending,,,DNg12_b,,right,CV,acetylcholine
720575940621923837,efferent,descending,,,DNge008,,left,CV,acetylcholine
720575940641278965,efferent,descending,,,DNp43,CL332,right,CV,acetylcholine
720575940632161311,efferent,descending,,,DNge010,,right,CV,acetylcholine
720575940617809181,efferent,descending,,,DNp69,CL304,right,CV,acetylcholine
720575940621561697,efferent,descending,ocellar,,DNp28,DNp28,left,CV,acetylcholine
720575940621566844,efferent,descending,,,DNg22,,left,CV,serotonin
720575940614909506,efferent,descending,,,DNge123,,right,CV,glutamate
720575940626296339,efferent,descending,,,DNge109,,left,CV,serotonin
720575940606856405,efferent,descending,,,DNge094,,left,CV,serotonin
720575940635872101,efferent,descending,,,DNp09,DNp09,left,CV,acetylcholine
720575940625314058,efferent,descending,,,DNg92_a,,right,CV,glutamate
720575940637618142,efferent,descending,,,DNpe043,CL207,right,CV,acetylcholine
720575940629736720,efferent,descending,,,DNd05,CL124,right,CV,acetylcholine
720575940609097429,efferent,descending,,,DNae005,VES009,left,CV,acetylcholine
720575940629490476,efferent,descending,,,aSP22,DNa08,left,CV,acetylcholine
720575940621629578,efferent,descending,,,DNpe054,DNp16/17,right,CV,serotonin
720575940619654053,efferent,descending,,,DNp02,DNp02,left,CV,acetylcholine
720575940614137907,efferent,descending,,,DNp104,CL324,left,CV,acetylcholine
720575940632422219,efferent,descending,,,DNp38,,left,CV,acetylcholine
720575940642549467,efferent,descending,,,DNb08,VES083,left,CV,acetylcholine
720575940619038493,efferent,descending,,,DNpe042,CL262,right,CV,acetylcholine
720575940624874983,efferent,descending,,,DNae008,PS012,right,CV,acetylcholine
720575940640142141,efferent,descending,ocellar,,DNp28,DNp28,right,CV,acetylcholine
720575940609488942,efferent,descending,,,DNa15,PS017,right,CV,acetylcholine
720575940618594117,efferent,descending,,,DNge081,,right,CV,acetylcholine
720575940603786686,efferent,descending,,,DNge117,,left,CV,acetylcholine
720575940619024542,efferent,descending,,,DNge128,,left,CV,gaba
720575940631987364,efferent,descending,,,DNg12_a,,right,CV,acetylcholine
720575940615692690,efferent,descending,,,DNp60,CL139,left,CV,acetylcholine
720575940628796780,efferent,descending,,,DNpe014,"PS294,PS295,PS298",right,CV,acetylcholine
720575940641832333,efferent,descending,,,DNg52,,left,CV,gaba
720575940611644529,efferent,descending,,,DNp06,DNp06,right,CV,acetylcholine
720575940629327659,efferent,descending,,,DNa02,DNa02,left,CV,acetylcholine
720575940615043368,efferent,descending,,,DNp22,,left,CV,acetylcholine
720575940627582724,efferent,descending,,,DNp44,DNp44,left,CV,acetylcholine
720575940631549202,efferent,descending,,,DNg86,,right,CV,dopamine
720575940638013274,efferent,descending,,,DNpe006,CL330,right,CV,acetylcholine
720575940637667443,efferent,descending,,,DNg08_a,,left,CV,glutamate
720575940615058216,efferent,descending,,,DNpe012,PS227,left,CV,acetylcholine
720575940647964281,efferent,descending,,,DNg02_b,,right,CV,acetylcholine
720575940611772083,efferent,descending,,,DNg43,,left,CV,acetylcholine
720575940618291520,efferent,descending,,,DNge060,,right,CV,glutamate
720575940626901136,efferent,descending,,,DNg40,hb5813056435,left,CV,glutamate
720575940629155227,efferent,descending,,,DNpe021,CL307,right,CV,acetylcholine
720575940607632579,efferent,descending,,,DNpe047,SMP478,left,CV,acetylcholine
720575940637660733,efferent,descending,,,DNg01,,left,CV,acetylcholine
720575940635640312,efferent,descending,,,DNp62,DSKMP1B,left,CV,serotonin
720575940629782072,efferent,descending,,,DNpe012,DNp16,left,CV,acetylcholine
720575940613200706,efferent,descending,,,DNpe008,PS225,right,CV,acetylcholine
720575940647471395,efferent,descending,,,DNpe036,,left,CV,acetylcholine
720575940621226484,efferent,descending,,,DNb04,DNb04,right,CV,glutamate
720575940619332944,efferent,descending,,,DNg99,,right,CV,gaba
720575940638175558,efferent,descending,,,DNge072,,right,CV,acetylcholine
720575940621401222,efferent,descending,,,DNpe025,PVLP145,right,CV,acetylcholine
720575940632043320,efferent,descending,,,DNge130,,right,CV,acetylcholine
720575940629965708,efferent,descending,,,DNge091,,right,CV,glutamate
720575940638664355,efferent,descending,,,DNg46,,left,CV,glutamate
720575940633995181,efferent,descending,,,DNg53,,left,CV,acetylcholine
720575940620815896,efferent,descending,,,DNge071,,left,CV,glutamate
720575940619090541,efferent,descending,,,DNpe009,PS226,left,CV,acetylcholine
720575940631627551,efferent,descending,,,DNge115,,left,CV,acetylcholine
720575940637126007,efferent,descending,,,DNp56,VES055,right,CV,acetylcholine
720575940624882151,efferent,descending,,,DNge094,,right,CV,serotonin
720575940636592302,efferent,descending,,,DNpe019,PS296,right,CV,acetylcholine
720575940619451989,efferent,descending,,,DNpe033,SMP289,left,CV,gaba
720575940627652358,efferent,descending,,,DNp09,DNp09,right,CV,acetylcholine
720575940631051065,efferent,descending,,,DNge116,,left,CV,acetylcholine
720575940613686954,efferent,descending,,,DNge081,,left,CV,acetylcholine
720575940621325034,efferent,descending,,,DNg04,,right,CV,acetylcholine
720575940644758308,efferent,descending,,,DNge046,,left,CV,gaba
720575940633041503,efferent,descending,,,DNg06,,right,CV,acetylcholine
720575940639919824,efferent,descending,,,DNpe010,PS275,left,CV,glutamate
720575940621388453,efferent,descending,,,DNd02,SAD039,left,CV,serotonin
720575940619944513,efferent,descending,,,DNg10,,right,CV,glutamate
720575940626165489,efferent,descending,,,DNpe008,PS225,right,CV,acetylcholine
720575940618382529,efferent,descending,,,DNp16,DNp16,left,CV,acetylcholine
720575940646173748,efferent,descending,,,oviDNa_b,SLP410,right,CV,acetylcholine
720575940610231509,efferent,descending,,,DNg90,,left,CV,gaba
720575940614736034,efferent,descending,,,DNge140,,right,CV,acetylcholine
720575940631110095,efferent,descending,,,DNg80,,right,CV,serotonin
720575940611756723,efferent,descending,,,DNg65,,right,CV,serotonin
720575940615679282,efferent,descending,,,DNg02_h,,right,CV,acetylcholine
720575940611981029,efferent,descending,,,DNg111,hb1573072464,right,CV,glutamate
720575940611610670,efferent,descending,,,DNge091,,left,CV,acetylcholine
720575940614478658,efferent,descending,,,DNg36_b,,left,CV,acetylcholine
720575940605950496,efferent,descending,,,DNg76,,left,CV,acetylcholine
720575940614363619,efferent,descending,,,DNpe047,SMP478,right,CV,acetylcholine
720575940611108676,efferent,descending,,,DNge138,,center,CV,octopamine
720575940626278129,efferent,descending,,,DNg02_f,,left,CV,acetylcholine
720575940650282742,efferent,descending,,,DNge005,,left,CV,acetylcholine
720575940639088216,efferent,descending,,,DNge030,,left,CV,acetylcholine
720575940624407944,efferent,descending,,,DNp36,CL342,left,CV,glutamate
720575940624394498,efferent,descending,,,DNg12_a,,left,CV,acetylcholine
720575940652104694,efferent,descending,,,DNge128,,right,CV,gaba
720575940628467830,efferent,descending,,,DNg106,,right,CV,glutamate
720575940607971337,efferent,descending,,,DNpe012,PS221,left,CV,acetylcholine
720575940644653348,efferent,descending,,,DNge031,,right,CV,gaba
720575940630671734,efferent,descending,,,DNp17,DNp17,left,CV,acetylcholine
720575940614185366,efferent,descending,,,DNpe034,SMP486_b,right,CV,acetylcholine
720575940619582168,efferent,descending,,,DNb04,DNb04,left,CV,glutamate
720575940604783136,efferent,descending,,,DNg56,,left,CV,gaba
720575940638088511,efferent,descending,,,DNge084,,right,CV,gaba
720575940642545883,efferent,descending,,,DNg32,,left,CV,acetylcholine
720575940614403178,efferent,descending,,,DNae005,VES009,right,CV,acetylcholine
720575940629777018,efferent,descending,,,DNp11,DNp11,right,CV,acetylcholine
720575940610872014,efferent,descending,,,DNge011,,right,CV,acetylcholine
720575940634903915,efferent,descending,,,DNg69,,right,CV,acetylcholine
720575940617917396,efferent,descending,,,DNbe003,hb5813024933,left,CV,acetylcholine
720575940635210603,efferent,descending,,,DNpe052,AVLP564,right,CV,acetylcholine
720575940626179614,efferent,descending,,,DNg72,,right,CV,glutamate
720575940628132745,efferent,descending,,,DNp31,DNp31,right,CV,acetylcholine
720575940622352764,efferent,descending,,,DNg18_b,,left,CV,glutamate
720575940632302151,efferent,descending,,,DNge019,,left,CV,acetylcholine
720575940628885160,efferent,descending,,,DNpe049,,right,CV,acetylcholine
720575940623142426,efferent,descending,,,DNpe043,CL207,left,CV,acetylcholine
720575940622161366,efferent,descending,,,DNge054,,right,CV,gaba
720575940617922439,efferent,descending,,,DNg02_g,,right,CV,acetylcholine
720575940630990533,efferent,descending,,,DNge091,,right,CV,acetylcholine
720575940618876830,efferent,descending,,,DNg06,,right,CV,acetylcholine
720575940628869648,efferent,descending,,,DNge077,,right,CV,acetylcholine
720575940621313414,efferent,descending,,,DNge038,,left,CV,acetylcholine
720575940618698411,efferent,descending,,,DNg06,,right,CV,acetylcholine
720575940645537902,efferent,descending,,,DNde001,SAD041,left,CV,glutamate
720575940621119061,efferent,descending,,,DNbe002,,left,CV,acetylcholine
720575940631333195,efferent,descending,,,DNd05,CL124,left,CV,acetylcholine
720575940614587990,efferent,descending,,,DNpe009,PS226,right,CV,acetylcholine
720575940632574946,efferent,descending,,,DNge113,,left,CV,acetylcholine
720575940618427156,efferent,descending,,,DNge113,,right,CV,acetylcholine
720575940630428324,efferent,descending,,,DNpe029,,left,CV,acetylcholine
720575940626665489,efferent,descending,,,DNpe054,DNp16/17,left,CV,acetylcholine
720575940630346860,efferent,descending,,,DNp54,PS163,left,CV,gaba
720575940615794077,efferent,descending,,,DNpe015,,left,CV,acetylcholine
720575940632646114,efferent,descending,,,DNpe046,LHPV11a1,left,CV,acetylcholine
720575940631124076,efferent,descending,,,DNge134,,right,CV,glutamate
720575940620017261,efferent,descending,,,DNge009,,right,CV,acetylcholine
720575940628498161,efferent,descending,,,DNp08,PS271,left,CV,glutamate
720575940622843530,efferent,descending,,,DNpe031,PVLP116,right,CV,glutamate
720575940624374334,efferent,descending,,,DNge093,,left,CV,acetylcholine
720575940637608560,efferent,descending,,,DNa14,CL052,right,CV,acetylcholine
720575940626189657,efferent,descending,,,DNge126,,left,CV,serotonin
720575940609407939,efferent,descending,,,DNge080,,right,CV,acetylcholine
720575940623153788,efferent,descending,,,DNpe014,"PS294,PS295,PS298",left,CV,acetylcholine
720575940643817888,efferent,descending,,,DNg04,,left,CV,acetylcholine
720575940630980559,efferent,descending,,,DNg28,,right,CV,octopamine
720575940633213132,efferent,descending,,,DNpe054,DNp16/17,right,CV,acetylcholine
720575940641276917,efferent,descending,,,DNae004,DNa05,right,CV,acetylcholine
720575940620082512,efferent,descending,,,DNge049,,right,CV,acetylcholine
720575940622797244,efferent,descending,,,DNg12_c,,left,CV,acetylcholine
720575940638094911,efferent,descending,,,DNge091,,right,CV,acetylcholine
720575940635464343,efferent,descending,,,DNpe004,,left,CV,acetylcholine
720575940620468718,efferent,descending,,,DNp02,DNp02,right,CV,acetylcholine
720575940629725545,efferent,descending,,,DNge091,,left,CV,acetylcholine
720575940605702944,efferent,descending,,,DNpe040,CL320,right,CV,acetylcholine
720575940611225237,efferent,descending,,,DNg58,,left,CV,acetylcholine
720575940615453182,efferent,descending,,,DNg07,,left,CV,acetylcholine
720575940627814522,efferent,descending,,,DNg12_e,,left,CV,acetylcholine
720575940635210859,efferent,descending,,,DNpe007,hb1343489608,left,CV,serotonin
720575940607384242,efferent,descending,,,DNge149,,center,CV,octopamine
720575940623537485,efferent,descending,,,DNge118,,left,CV,acetylcholine
720575940620642940,efferent,descending,,,DNpe002,VES068,right,CV,acetylcholine
720575940632379071,efferent,descending,,,DNpe054,DNp16/17,right,CV,serotonin
720575940622681864,efferent,descending,,,DNg02_b,,left,CV,
720575940625094325,efferent,descending,,,DNae008,PS012,left,CV,acetylcholine
720575940620714150,efferent,descending,,,DNge046,,right,CV,gaba
720575940637678653,efferent,descending,,,DNg92_b,,right,CV,acetylcholine
720575940617663093,efferent,descending,,,DNg51,,right,CV,acetylcholine
720575940653053601,efferent,descending,,,DNg03,,left,CV,acetylcholine
720575940629421159,efferent,descending,,,DNp12,WED105,right,CV,acetylcholine
720575940644666660,efferent,descending,,,DNg27,,right,CV,glutamate
720575940636098367,efferent,descending,,,DNge071,,right,CV,glutamate
720575940622805700,efferent,descending,,,DNge154,,right,CV,gaba
720575940644279319,efferent,descending,,,DNpe028,IB046,right,CV,acetylcholine
720575940648188548,efferent,descending,,,DNg54,,right,CV,acetylcholine
720575940614186449,efferent,descending,,,DNg44,,left,CV,glutamate
720575940603591014,efferent,descending,,,DNae004,DNa05,left,CV,acetylcholine
720575940648636292,efferent,descending,,,DNb09,DNb01,right,CV,glutamate
720575940630956345,efferent,descending,,,DNg66,,center,CV,acetylcholine
720575940634198926,efferent,descending,,,DNge019,,left,CV,acetylcholine
720575940636308075,efferent,descending,,,DNge078,,left,CV,acetylcholine
720575940610236514,efferent,descending,,,MDN,MDN,right,CV,acetylcholine
720575940633201400,efferent,descending,,,DNge015,,right,CV,acetylcholine
720575940616826380,efferent,descending,,,DNb09,DNb01,left,CV,glutamate
720575940604954289,efferent,descending,,,DNp04,DNp04,left,CV,acetylcholine
720575940612586151,efferent,descending,,,DNge017,,right,CV,glutamate
720575940622806247,efferent,descending,,,DNge085,,right,CV,gaba
720575940625420986,efferent,descending,,,DNp101,CL334,right,CV,acetylcholine
720575940631982952,efferent,descending,,,DNge132,,left,CV,acetylcholine
720575940643347616,efferent,descending,,,DNp55,WED180,left,CV,acetylcholine
720575940640589171,efferent,descending,,,DNge031,,left,CV,gaba
720575940617249254,efferent,descending,,,DNge086,,right,CV,acetylcholine
720575940634428058,efferent,descending,,,DNge043,hb1499778528,right,CV,gaba
720575940630712493,efferent,descending,,,DNg18_b,,left,CV,glutamate
720575940627732361,efferent,descending,,,DNp26,DNp26,right,CV,acetylcholine
720575940634825879,efferent,descending,,,DNge045,,right,CV,acetylcholine
720575940634140883,efferent,descending,,,DNa09,DNa09,left,CV,acetylcholine
720575940630839371,efferent,descending,,,DNge146,,left,CV,gaba
720575940629012227,efferent,descending,,,DNg81,,right,CV,glutamate
720575940616401467,efferent,descending,,,DNg08_a,,left,CV,glutamate
720575940609844117,efferent,descending,,,DNg18_b,,right,CV,glutamate
720575940610348458,efferent,descending,,,DNg110,,left,CV,
720575940644751652,efferent,descending,,,DNg34,,right,CV,octopamine
720575940631643532,efferent,descending,,,DNg77,,right,CV,acetylcholine
720575940622351996,efferent,descending,,,DNge019,,right,CV,acetylcholine
720575940631498925,efferent,descending,,,DNg18_b,,right,CV,glutamate
720575940626732776,efferent,descending,,,DNg08_a,,left,CV,glutamate
720575940645834275,efferent,descending,,,DNge013,,right,CV,serotonin
720575940617950877,efferent,descending,,,DNge063,,right,CV,gaba
720575940632296519,efferent,descending,,,DNge079,,right,CV,acetylcholine
720575940614588778,efferent,descending,,,DNg12_e,,right,CV,acetylcholine
720575940621021278,efferent,descending,,,DNg18_a,,left,CV,glutamate
720575940651341558,efferent,descending,,,DNae010,PS016,left,CV,acetylcholine
720575940615385798,efferent,descending,,,DNge085,,left,CV,glutamate
720575940642312136,efferent,descending,,,oviDNa_a,oviDNa,right,CV,acetylcholine
720575940636333710,efferent,descending,,,DNge064,,left,CV,acetylcholine
720575940617750070,efferent,descending,,,DNp39,PS297,left,CV,acetylcholine
720575940625513360,efferent,descending,,,DNp52,CRE101,right,CV,acetylcholine
720575940629240263,efferent,descending,,,DNge041,,right,CV,acetylcholine
720575940626268761,efferent,descending,,,DNge144,,right,CV,acetylcholine
720575940630569413,efferent,descending,,,DNge071,,right,CV,acetylcholine
720575940624234242,efferent,descending,,,DNg10,,left,CV,glutamate
720575940613814971,efferent,descending,,,DNge071,,left,CV,glutamate
720575940620595883,efferent,descending,,,DNg10,,right,CV,glutamate
720575940630135084,efferent,descending,,,DNge053,,right,CV,acetylcholine
720575940640422016,efferent,descending,,,DNge071,,left,CV,glutamate
720575940616167986,efferent,descending,,,DNge151,,center,CV,serotonin
720575940615043222,efferent,descending,,,DNae007,VES009,right,CV,acetylcholine
720575940620711334,efferent,descending,,,DNa09,DNa09,right,CV,acetylcholine
720575940627303699,efferent,descending,,,DNg10,,right,CV,glutamate
720575940612603289,efferent,descending,,,DNg75,hb1874217622,right,CV,acetylcholine
720575940617689816,efferent,descending,,,DNg10,,left,CV,glutamate
720575940621572890,efferent,descending,,,DNg07,,left,CV,acetylcholine
720575940615023535,efferent,descending,,,DNge062,,right,CV,acetylcholine
720575940630033913,efferent,descending,,,DNge114,,right,CV,acetylcholine
720575940620757748,efferent,descending,,,DNpe041,SMP290,left,CV,gaba
720575940633218444,efferent,descending,,,DNge023,,right,CV,acetylcholine
720575940619928346,efferent,descending,,,DNg06,,left,CV,acetylcholine
720575940624349993,efferent,descending,,,DNp70,CL305,left,CV,acetylcholine
720575940614682274,efferent,descending,,,DNge090,,right,CV,glutamate
720575940615607207,efferent,descending,,,DNc01,SIFa,right,CV,dopamine
720575940623203004,efferent,descending,,,DNp17,DNp16/17,left,CV,serotonin
720575940626982181,efferent,descending,,,DNge107,,left,CV,acetylcholine
720575940626639259,efferent,descending,,,DNg10,,left,CV,glutamate
720575940622786317,efferent,descending,,,DNge085,,left,CV,glutamate
720575940620915224,efferent,descending,,,DNge089,,right,CV,acetylcholine
720575940611886289,efferent,descending,,,DNpe008,PS225,left,CV,serotonin
720575940629312300,efferent,descending,,,DNp56,VES055,left,CV,acetylcholine
720575940610341582,efferent,descending,,,DNge089,,left,CV,acetylcholine
720575940632041247,efferent,descending,,,DNge015,,left,CV,serotonin
720575940614046395,efferent,descending,,,DNge092,,left,CV,acetylcholine
720575940624655285,efferent,descending,,,DNpe008,PS225,left,CV,
720575940614959675,efferent,descending,,,DNge071,,right,CV,acetylcholine
720575940618086535,efferent,descending,,,DNge115,,right,CV,acetylcholine
720575940619790975,efferent,descending,,,DNpe008,PS225,left,CV,serotonin
720575940642369736,efferent,descending,,,DNge115,,left,CV,acetylcholine
720575940624537284,efferent,descending,,,DNge124,,left,CV,acetylcholine
720575940620632369,efferent,descending,,,DNg18_b,,left,CV,glutamate
720575940616548416,efferent,descending,,,DNge085,,right,CV,glutamate
720575940629369642,efferent,descending,,,DNg10,,left,CV,glutamate
720575940637659749,efferent,descending,,,DNge052,,left,CV,gaba
720575940611308181,efferent,descending,,,DNg07,,left,CV,acetylcholine
720575940612335539,efferent,descending,,,DNge071,,right,CV,acetylcholine
720575940639539840,efferent,descending,,,DNg07,,right,CV,acetylcholine
720575940621599604,efferent,descending,,,DNge115,,right,CV,acetylcholine
720575940616076917,efferent,descending,,,DNge015,,right,CV,glutamate
720575940634279543,efferent,descending,,,DNge116,,right,CV,acetylcholine
720575940619372726,efferent,descending,,,DNge114,,right,CV,acetylcholine
720575940623052728,efferent,descending,,,DNpe009,PS226,right,CV,acetylcholine
720575940639201443,efferent,descending,,,DNg02_a,,left,CV,acetylcholine
720575940602534112,efferent,descending,,,DNge116,,right,CV,serotonin
720575940636186463,efferent,descending,,,DNge092,,right,CV,acetylcholine
720575940621339713,efferent,descending,,,DNg07,,right,CV,acetylcholine
720575940612288947,efferent,descending,,,DNg07,,right,CV,acetylcholine
720575940634599615,efferent,descending,,,DNg18_b,,right,CV,glutamate
720575940621304004,efferent,descending,,,DNg36_b,,right,CV,acetylcholine
720575940625596647,efferent,descending,,,DNge071,,left,CV,gaba
720575940623968612,efferent,descending,,,DNge085,,right,CV,glutamate
720575940611552370,efferent,descending,,,DNge115,,right,CV,acetylcholine
720575940611765201,efferent,descending,,,DNge071,,right,CV,glutamate
720575940612429714,efferent,descending,,,DNg07,,left,CV,acetylcholine
720575940634864026,efferent,descending,,,DNg01,,left,CV,glutamate
720575940629956695,efferent,descending,,,DNg07,,left,CV,acetylcholine
720575940625343761,efferent,descending,,,DNge085,,right,CV,glutamate
720575940638084149,efferent,descending,,,DNge112,,right,CV,acetylcholine
720575940619910080,efferent,descending,,,DNge092,,right,CV,acetylcholine
720575940626729295,efferent,descending,,,DNg07,,left,CV,acetylcholine
720575940659703937,efferent,descending,,,DNg18_a,,right,CV,glutamate
720575940624229925,efferent,descending,,,DNg01,,right,CV,acetylcholine
720575940621068464,efferent,descending,,,DNb08,VES083,right,CV,acetylcholine
720575940615957663,efferent,descending,,,DNg06,,right,CV,acetylcholine
720575940626187014,efferent,descending,,,DNg92_b,,left,CV,acetylcholine
720575940626580794,efferent,descending,,,DNge089,,right,CV,acetylcholine
720575940616786433,efferent,descending,,,DNge085,,left,CV,glutamate
720575940621121159,efferent,descending,,,DNge109,,right,CV,
720575940615424966,efferent,descending,,,DNge090,,right,CV,acetylcholine
720575940619152856,efferent,descending,,,DNp40,PS236,right,CV,acetylcholine
720575940647755641,efferent,descending,,,DNge070,DNb06,left,CV,glutamate
720575940611102437,efferent,descending,,,DNpe008,PS225,right,CV,acetylcholine
720575940610935410,efferent,descending,,,DNge089,,right,CV,acetylcholine
720575940625673196,efferent,descending,,,DNp71,DNp09,left,CV,acetylcholine
720575940622042603,efferent,descending,,,DNg02_c,,left,CV,acetylcholine
720575940624015287,efferent,descending,,,DNge075,,left,CV,acetylcholine
720575940630290536,efferent,descending,,,DNge108,,right,CV,acetylcholine
720575940614107554,efferent,descending,,,DNge118,,right,CV,gaba
720575940627021349,efferent,descending,,,DNg110,,left,CV,acetylcholine
720575940632573887,efferent,descending,,,DNg02_a,,right,CV,acetylcholine
720575940617802699,efferent,descending,,,DNpe008,PS226,left,CV,acetylcholine
720575940629742718,efferent,descending,,,DNg09,,right,CV,acetylcholine
720575940624750480,efferent,descending,,,DNg24,,left,CV,gaba
720575940630829563,efferent,descending,,,DNge094,,right,CV,serotonin
720575940618706603,efferent,descending,,,DNpe008,PS225,right,CV,acetylcholine
720575940627241321,efferent,descending,,,DNpe054,DNp16/17,right,CV,serotonin
720575940620564673,efferent,descending,,,DNg10,,right,CV,glutamate
720575940635405719,efferent,descending,,,DNpe012,PS227,right,CV,acetylcholine
720575940625065653,efferent,descending,,,DNge091,,left,CV,acetylcholine
720575940606756309,efferent,descending,,,DNpe018,hb1436667616,left,CV,acetylcholine
720575940640140733,efferent,descending,,,DNge116,,left,CV,acetylcholine
720575940622925972,efferent,descending,,,DNg01,,right,CV,acetylcholine
720575940660224385,efferent,descending,,,DNg10,,left,CV,acetylcholine
720575940637896893,efferent,descending,,,DNge090,,left,CV,acetylcholine
720575940609733582,efferent,descending,,,DNge071,,right,CV,glutamate
720575940625426469,efferent,descending,,,DNg07,,right,CV,acetylcholine
720575940614840715,efferent,descending,,,DNg06,,left,CV,acetylcholine
720575940642926702,efferent,descending,,,DNg12_a,,left,CV,acetylcholine
720575940626748702,efferent,descending,,,DNge089,,left,CV,acetylcholine
720575940612698287,efferent,descending,,,DNg06,,left,CV,acetylcholine
720575940622944196,efferent,descending,,,DNge108,,left,CV,acetylcholine
720575940606702601,efferent,descending,,,DNge112,,left,CV,acetylcholine
720575940621071017,efferent,descending,,,DNge093,,left,CV,acetylcholine
720575940621270410,efferent,descending,,,DNpe008,PS225,right,CV,glutamate
720575940621909739,efferent,descending,,,DNg01,,right,CV,glutamate
720575940627850622,efferent,descending,,,DNg02_g,,left,CV,acetylcholine
720575940631651810,efferent,descending,,,DNge071,,left,CV,glutamate
720575940625047815,efferent,descending,,,DNge090,,left,CV,acetylcholine
720575940621534273,efferent,descending,,,DNge071,,left,CV,gaba
720575940606784265,efferent,descending,,,DNge089,,right,CV,glutamate
720575940627595772,efferent,descending,,,DNge020,,right,CV,acetylcholine
720575940629412170,efferent,descending,,,DNd04,,left,CV,glutamate
720575940630078031,efferent,descending,,,DNpe011,PS227,right,CV,acetylcholine
720575940636671886,efferent,descending,,,DNge156,,left,CV,acetylcholine
720575940609316050,efferent,descending,,,DNpe008,PS225,right,CV,acetylcholine
720575940602864300,efferent,descending,,,DNpe008,PS225,left,CV,dopamine
720575940608332674,efferent,descending,,,DNpe011,DNp16,left,CV,acetylcholine
720575940610715346,efferent,descending,,,DNpe035,SMP601,right,CV,acetylcholine
720575940617802187,efferent,descending,,,DNp17,DNp17,left,CV,acetylcholine
720575940627629598,efferent,descending,,,DNge142,,left,CV,gaba
720575940628252751,efferent,descending,,,DNg07,,left,CV,acetylcholine
720575940656144289,efferent,descending,,,DNg110,,right,CV,acetylcholine
720575940630505334,efferent,descending,,,DNge095,,right,CV,glutamate
720575940630333911,efferent,descending,,,DNge114,,right,CV,serotonin
720575940631889965,efferent,descending,,,DNg106,,right,CV,gaba
720575940626027752,efferent,descending,,,DNg07,,right,CV,acetylcholine
720575940642411917,efferent,descending,,,DNpe054,DNp16/17,left,CV,serotonin
720575940620149836,efferent,descending,,,DNg12_b,,right,CV,acetylcholine
720575940637501784,efferent,descending,,,DNg12_d,,left,CV,acetylcholine
720575940634782359,efferent,descending,,,DNge143,,right,CV,gaba
720575940625482954,efferent,descending,,,DNg02_e,,right,CV,acetylcholine
720575940617295321,efferent,descending,,,DNge091,,right,CV,acetylcholine
720575940625467280,efferent,descending,,,DNpe008,PS225,right,CV,acetylcholine
720575940631720417,efferent,descending,,,DNpe009,PS222,left,CV,acetylcholine
720575940622123400,efferent,descending,,,DNge091,,left,CV,acetylcholine
720575940626745987,efferent,descending,,,DNg07,,left,CV,acetylcholine
720575940640630589,efferent,descending,,,DNge094,,left,CV,acetylcholine
720575940619431765,efferent,descending,,,DNge071,,left,CV,glutamate
720575940619676598,efferent,descending,,,DNge093,,right,CV,acetylcholine
720575940630071583,efferent,descending,,,DNp17,DNp16/17,left,CV,acetylcholine
720575940628825348,efferent,descending,,,DNge115,,right,CV,acetylcholine
720575940613535554,efferent,descending,,,DNg17,,left,CV,acetylcholine
720575940626904219,efferent,descending,,,DNg02_b,,left,CV,
720575940611976618,efferent,descending,,,DNge111,,left,CV,acetylcholine
720575940631721287,efferent,descending,,,DNge126,,right,CV,serotonin
720575940634583694,efferent,descending,,,DNge110,,right,CV,glutamate
720575940628745209,efferent,descending,,,DNge071,,right,CV,glutamate
720575940624816115,efferent,descending,,,DNge033,,left,CV,gaba
720575940628942586,efferent,descending,,,DNg02_e,,left,CV,acetylcholine
720575940627307625,efferent,descending,,,DNge089,,left,CV,acetylcholine
720575940641793440,efferent,descending,,,DNge114,,right,CV,serotonin
720575940610440402,efferent,descending,,,DNge085,,right,CV,glutamate
720575940622917351,efferent,descending,,,DNpe008,PS225,left,CV,acetylcholine
720575940631061900,efferent,descending,,,DNge111,,right,CV,acetylcholine
720575940613632153,efferent,descending,,,DNpe009,PS226,right,CV,acetylcholine
720575940638623165,efferent,descending,,,DNg82,,left,CV,acetylcholine
720575940622633716,efferent,descending,,,DNge041,,left,CV,acetylcholine
720575940612804862,efferent,descending,,,DNg01,,right,CV,acetylcholine
720575940627003179,efferent,descending,,,DNg05_b,,right,CV,glutamate
720575940626088835,efferent,descending,,,DNg110,,left,CV,acetylcholine
720575940635222640,efferent,descending,,,DNg110,,right,CV,acetylcholine
720575940630289804,efferent,descending,,,DNg02_a,,left,CV,acetylcholine
720575940617498507,efferent,descending,,,DNg02_b,,right,CV,glutamate
720575940623543117,efferent,descending,,,DNge093,,right,CV,acetylcholine
720575940603580960,efferent,descending,,,DNpe054,DNp16/17,left,CV,acetylcholine
720575940639479168,efferent,descending,,,DNge114,,left,CV,serotonin
720575940644801060,efferent,descending,,,DNg07,,right,CV,acetylcholine
720575940610309034,efferent,descending,,,DNge071,,left,CV,gaba
720575940627560236,efferent,descending,,,DNpe008,PS224,left,CV,acetylcholine
720575940627799802,efferent,descending,,,DNg09,,left,CV,acetylcholine
720575940603489824,efferent,descending,,,DNpe015,,left,CV,serotonin
720575940622027222,efferent,descending,,,DNge046,,right,CV,gaba
720575940608838958,efferent,descending,,,DNg01,,left,CV,acetylcholine
720575940613748689,efferent,descending,,,DNp16,DNp16,right,CV,acetylcholine
720575940638204132,efferent,descending,,,DNge053,,left,CV,acetylcholine
720575940622910188,efferent,descending,,,DNg02_f,,right,CV,acetylcholine
720575940617696728,efferent,descending,,,DNp17,DNp17,right,CV,serotonin
720575940632788025,efferent,descending,,,DNge108,,left,CV,acetylcholine
720575940621002480,efferent,descending,,,DNge094,,right,CV,serotonin
720575940614562207,efferent,descending,,,DNge115,,left,CV,acetylcholine
720575940634526560,efferent,descending,,,DNge092,,left,CV,acetylcholine
720575940619341744,efferent,descending,,,DNpe008,PS225,left,CV,acetylcholine
720575940642198747,efferent,descending,,,DNg92_b,,left,CV,acetylcholine
720575940625396252,efferent,descending,,,DNg36_b,,left,CV,acetylcholine
720575940618440943,efferent,descending,,,DNg06,,left,CV,acetylcholine
720575940622437671,efferent,descending,,,DNpe011,PS227,right,CV,acetylcholine
720575940620110215,efferent,descending,,,DNge091,,right,CV,acetylcholine
720575940613307033,efferent,descending,,,DNde006,,left,CV,glutamate
720575940611498419,efferent,descending,,,DNge111,,left,CV,acetylcholine
720575940629472298,efferent,descending,,,DNg09,,right,CV,acetylcholine
720575940621071495,efferent,descending,,,DNge091,,right,CV,acetylcholine
720575940630297292,efferent,descending,,,DNg09,,left,CV,acetylcholine
720575940632989291,efferent,descending,,,DNpe008,PS225,right,CV,acetylcholine
720575940627414887,efferent,descending,,,DNg02_b,,right,CV,acetylcholine
720575940625144061,efferent,descending,,,DNg02_c,,right,CV,glutamate
720575940649992569,efferent,descending,,,DNge091,,right,CV,acetylcholine
720575940615898730,efferent,descending,,,DNg106,,right,CV,gaba
720575940612019825,efferent,descending,,,DNg12_c,,left,CV,acetylcholine
720575940626377349,efferent,descending,,,DNg02_h,,left,CV,acetylcholine
720575940613668620,efferent,descending,,,DNg02_b,,left,CV,
720575940623776235,efferent,descending,,,DNge117,,right,CV,acetylcholine
720575940622836970,efferent,descending,,,DNpe012,DNp16,left,CV,acetylcholine
720575940623498876,efferent,descending,,,DNge094,,right,CV,acetylcholine
720575940638159472,efferent,descending,,,DNg92_b,,right,CV,acetylcholine
720575940620404182,efferent,descending,,,DNg05_b,,left,CV,glutamate
720575940640156301,efferent,descending,,,DNge014,,left,CV,
720575940610010521,efferent,descending,,,DNp17,DNp17,right,CV,acetylcholine
720575940625890812,efferent,descending,,,DNpe008,PS225,left,CV,acetylcholine
720575940611087786,efferent,descending,,,DNge091,,left,CV,acetylcholine
720575940634207087,efferent,descending,,,DNg09,,left,CV,acetylcholine
720575940609366648,efferent,descending,,,DNg11,,left,CV,gaba
720575940632868051,efferent,descending,,,DNbe001,PS103,left,CV,acetylcholine
720575940613731270,efferent,descending,,,DNpe008,PS225,right,CV,acetylcholine
720575940610863310,efferent,descending,,,DNg02_a,,right,CV,acetylcholine
720575940619315888,efferent,descending,,,DNpe009,PS226,left,CV,acetylcholine
720575940618870113,efferent,descending,,,DNge095,,left,CV,acetylcholine
720575940633853559,efferent,descending,,,DNp17,DNp17,right,CV,acetylcholine
720575940617296699,efferent,descending,,,DNg36_b,,right,CV,serotonin
720575940614147701,efferent,descending,,,DNpe015,,right,CV,acetylcholine
720575940641305229,efferent,descending,,,DNg02_d,,left,CV,acetylcholine
720575940607854793,efferent,descending,,,DNpe011,DNp16,left,CV,acetylcholine
720575940623528842,efferent,descending,,,DNpe012,PS227,right,CV,acetylcholine
720575940625539984,efferent,descending,,,DNp49,DNp49,left,CV,glutamate
720575940628398202,efferent,descending,,,DNp17,DNp17,left,CV,acetylcholine
720575940635175263,efferent,descending,,,DNg12_c,,left,CV,acetylcholine
720575940623193293,efferent,descending,,,DNge094,,right,CV,acetylcholine
720575940638019184,efferent,descending,,,DNge145,,right,CV,acetylcholine
720575940615502604,efferent,descending,,,DNpe011,PS227,left,CV,acetylcholine
720575940606607234,efferent,descending,,,DNge040,,right,CV,glutamate
720575940621640885,efferent,descending,,,DNg12_b,,right,CV,acetylcholine
720575940625550398,efferent,descending,,,DNg05_b,,right,CV,serotonin
720575940619024816,efferent,descending,,,DNpe015,,right,CV,serotonin
720575940628800207,efferent,descending,,,DNg03,,left,CV,serotonin
720575940623491987,efferent,descending,,,DNg110,,right,CV,acetylcholine
720575940622505511,efferent,descending,,,DNpe015,,left,CV,acetylcholine
720575940629139968,efferent,descending,,,DNge113,,right,CV,acetylcholine
720575940612373423,efferent,descending,,,DNge094,,left,CV,acetylcholine
720575940628582607,efferent,descending,,,DNg82,,right,CV,acetylcholine
720575940636104767,efferent,descending,,,DNge111,,right,CV,acetylcholine
720575940621304723,efferent,descending,,,DNpe015,,right,CV,acetylcholine
720575940619089005,efferent,descending,,,DNpe011,PS227,left,CV,acetylcholine
720575940623992300,efferent,descending,,,DNp17,DNp17,right,CV,acetylcholine
720575940632900665,efferent,descending,,,DNpe022,PS271,right,CV,acetylcholine
720575940612028017,efferent,descending,,,DNge114,,left,CV,serotonin
720575940637101413,efferent,descending,,,DNa07,DNa07,left,CV,acetylcholine
720575940618182480,efferent,descending,,,DNg01,,left,CV,serotonin
720575940617030585,efferent,descending,,,DNpe010,PS275,right,CV,glutamate
720575940640128720,efferent,descending,,,DNpe015,,right,CV,acetylcholine
720575940621783628,efferent,descending,,,DNge094,,left,CV,acetylcholine
720575940632634532,efferent,descending,,,DNg57,,right,CV,acetylcholine
720575940627691458,efferent,descending,,,DNg82,,right,CV,acetylcholine
720575940623934096,efferent,descending,,,DNge110,,left,CV,acetylcholine
720575940615495867,efferent,descending,,,DNge091,,right,CV,acetylcholine
720575940612922851,efferent,descending,,,DNg05_b,,right,CV,dopamine
720575940617873201,efferent,descending,,,DNpe029,,left,CV,acetylcholine
720575940644473760,efferent,descending,,,DNg84,,left,CV,acetylcholine
720575940622728728,efferent,descending,,,DNge145,,right,CV,acetylcholine
720575940608877266,efferent,descending,,,DNpe018,hb1436667616,right,CV,acetylcholine
720575940636606554,efferent,descending,,,DNge091,,left,CV,acetylcholine
720575940632934751,efferent,descending,,,DNge094,,right,CV,serotonin
720575940615364564,efferent,descending,,,DNge094,,left,CV,acetylcholine
720575940605656521,efferent,descending,,,DNge015,,left,CV,acetylcholine
720575940631829059,efferent,descending,,,DNg09,,right,CV,acetylcholine
720575940626877639,efferent,descending,,,DNg09,,right,CV,acetylcholine
720575940605041330,efferent,descending,,,DNp16,DNp16,right,CV,acetylcholine
720575940604729312,efferent,descending,,,DNge094,,left,CV,acetylcholine
720575940615630237,efferent,descending,,,DNpe015,,left,CV,serotonin
720575940628993871,efferent,descending,,,DNge014,,right,CV,acetylcholine
720575940625744784,efferent,descending,,,DNp17,DNp17,right,CV,acetylcholine
720575940632303441,efferent,descending,,,DNge025,,right,CV,acetylcholine
720575940607037635,efferent,descending,,,DNp17,DNp17,left,CV,acetylcholine
720575940612682467,efferent,descending,,,DNp51,PS296,left,CV,acetylcholine
720575940618402694,efferent,descending,,,DNpe015,,right,CV,acetylcholine
720575940617390641,efferent,descending,,,DNg12_b,,right,CV,acetylcholine
720575940627542316,efferent,descending,,,DNpe011,PS227,right,CV,acetylcholine
720575940621586473,efferent,descending,,,DNg09,,left,CV,acetylcholine
720575940628895787,efferent,descending,,,DNp17,DNp17,right,CV,acetylcholine
720575940613998860,efferent,descending,,,DNg03,,right,CV,
720575940618550699,efferent,descending,,,DNpe015,,left,CV,acetylcholine
720575940614348438,efferent,descending,,,DNae006,PS045,left,CV,acetylcholine
720575940636898270,efferent,descending,,,DNge145,,left,CV,acetylcholine
720575940613793170,efferent,descending,,,DNg02_b,,left,CV,acetylcholine
720575940632409130,efferent,descending,,,DNg03,,left,CV,acetylcholine
720575940620470976,efferent,descending,,,DNg53,,right,CV,acetylcholine
720575940626238716,efferent,descending,,,DNge089,,left,CV,acetylcholine
720575940615219417,efferent,descending,,,DNp16,DNp16,left,CV,acetylcholine
720575940628437291,efferent,descending,,,DNp35,PVLP136,left,CV,acetylcholine
720575940622347784,efferent,descending,,,DNg05_b,,left,CV,glutamate
720575940630492714,efferent,descending,,,DNg02_d,,right,CV,acetylcholine
720575940611474925,efferent,descending,,,DNge102,,right,CV,glutamate
720575940625345584,efferent,descending,,,DNg92_a,,left,CV,acetylcholine
720575940639789731,efferent,descending,,,DNpe012,PS221,right,CV,acetylcholine
720575940614572906,efferent,descending,,,DNge175,,left,CV,acetylcholine
720575940627620593,efferent,descending,,,DNpe019,PS296,left,CV,acetylcholine
720575940631609391,efferent,descending,,,DNpe029,,right,CV,acetylcholine
720575940620328828,efferent,descending,,,DNg03,,left,CV,acetylcholine
720575940627946261,efferent,descending,,,DNa10,DNa10,right,CV,acetylcholine
720575940627722234,efferent,descending,,,DNge113,,left,CV,acetylcholine
720575940623467527,efferent,descending,,,DNp40,PS236,left,CV,acetylcholine
720575940626399588,efferent,descending,,,DNg12_d,,right,CV,acetylcholine
720575940607178709,efferent,descending,,,DNge016,,left,CV,glutamate
720575940617477022,efferent,descending,,,DNge091,,left,CV,acetylcholine
720575940636254810,efferent,descending,,,DNg03,,left,CV,
720575940644438551,efferent,descending,,,DNa01,VES006,right,CV,acetylcholine
720575940628241628,efferent,descending,,,DNg12_b,,right,CV,acetylcholine
720575940619751872,efferent,descending,,,DNg12_a,,right,CV,acetylcholine
720575940626919579,efferent,descending,,,DNge017,,left,CV,acetylcholine
720575940641237632,efferent,descending,,,DNp72,,right,CV,acetylcholine
720575940622537477,efferent,descending,,,DNge067,,left,CV,gaba
720575940619486891,efferent,descending,,,DNp13,DNp13,left,CV,acetylcholine
720575940626518858,efferent,descending,,,DNpe029,,right,CV,acetylcholine
720575940611807795,efferent,descending,,,DNge024,,right,CV,acetylcholine
720575940636651376,efferent,descending,,,DNp51,PS296,right,CV,acetylcholine
720575940624448956,efferent,descending,,,DNg42,,left,CV,glutamate
720575940640306061,efferent,descending,,,DNpe054,DNp16/17,left,CV,acetylcholine
720575940630221509,efferent,descending,,,DNp67,CL139,right,CV,acetylcholine
720575940616374667,efferent,descending,,,DNge015,,right,CV,acetylcholine
720575940632037224,efferent,descending,,,DNge016,,right,CV,acetylcholine
720575940620369517,efferent,descending,,,DNp46,CL206,left,CV,acetylcholine
720575940631090402,efferent,descending,,,DNg11,,right,CV,gaba
720575940627924227,efferent,descending,,,DNpe014,"PS294,PS295,PS298",left,CV,acetylcholine
720575940637966424,efferent,descending,,,DNge175,,right,CV,acetylcholine
720575940634163682,efferent,descending,,,DNb03,DNb03,left,CV,acetylcholine
720575940635587064,efferent,descending,,,DNg51,,right,CV,acetylcholine
720575940615899622,efferent,descending,,,DNg03,,right,CV,acetylcholine
720575940630810486,efferent,descending,,,DNg98,,left,CV,gaba
720575940614642838,efferent,descending,,,DNge021,,right,CV,acetylcholine
720575940616498742,efferent,descending,,,DNge102,,right,CV,serotonin
720575940635549620,efferent,descending,,,DNp29,NPFP1,right,CV,acetylcholine
720575940636610671,efferent,descending,,,DNp63,PS113,left,CV,acetylcholine
720575940618827910,efferent,descending,,,DNg11,,left,CV,glutamate
720575940621817326,efferent,descending,,,DNg11,,right,CV,acetylcholine
720575940626068569,efferent,descending,,,DNge087,,right,CV,gaba
720575940611622826,efferent,descending,,,DNpe025,PVLP145,left,CV,acetylcholine
720575940620473547,efferent,descending,,,DNge098,,left,CV,gaba
720575940605009097,efferent,descending,,,DNpe004,,right,CV,acetylcholine
720575940634617952,efferent,descending,,,DNg57,,left,CV,acetylcholine
720575940627732423,efferent,descending,,,DNg45,,left,CV,acetylcholine
720575940625963432,efferent,descending,,,DNg03,,right,CV,acetylcholine
720575940615108714,efferent,descending,,,DNg46,,right,CV,glutamate
720575940617990228,efferent,descending,,,DNge097,,right,CV,glutamate
720575940611939290,efferent,descending,,,DNg12_a,,right,CV,acetylcholine
720575940631270162,efferent,descending,,,DNg30,DNg30,left,CV,serotonin
720575940622537653,efferent,descending,,,DNg79,,left,CV,acetylcholine
720575940638810677,efferent,descending,,,DNg12_b,,right,CV,acetylcholine
720575940628397138,efferent,descending,,,DNg92_a,,right,CV,acetylcholine
720575940636933722,efferent,descending,,,DNp41,"PS294,PS295,PS298",left,CV,acetylcholine
720575940627827697,efferent,descending,,,DNge067,,right,CV,gaba
720575940627166851,efferent,descending,,,DNp41,"PS294,PS295,PS298",left,CV,acetylcholine
720575940622486644,efferent,descending,,,DNg45,,right,CV,acetylcholine
720575940620135645,efferent,descending,,,DNge001,,left,CV,acetylcholine
720575940625573653,efferent,descending,,,DNg11,,left,CV,gaba
720575940623706405,efferent,descending,,,DNge102,,left,CV,glutamate
720575940644022551,efferent,descending,,,DNpe003,"VES069,VES081",right,CV,acetylcholine
720575940626663994,efferent,descending,,,DNg36_a,,left,CV,acetylcholine
720575940637870510,efferent,descending,,,DNge121,,left,CV,acetylcholine
720575940616274619,efferent,descending,,,DNpe026,CL202,right,CV,acetylcholine
720575940624484796,efferent,descending,,,DNge106,,left,CV,acetylcholine
720575940631695841,efferent,descending,,,DNge019,,right,CV,acetylcholine
720575940629521655,efferent,descending,,,DNg51,,left,CV,acetylcholine
720575940633488153,efferent,descending,,,DNpe003,"VES069,VES081",right,CV,acetylcholine
720575940635212139,efferent,descending,,,DNge121,,right,CV,acetylcholine
720575940624968013,efferent,descending,,,DNg04,,right,CV,acetylcholine
720575940608716809,efferent,descending,,,DNge133,,right,CV,acetylcholine
720575940625353736,efferent,descending,,,DNg19,,left,CV,acetylcholine
720575940633727339,efferent,descending,,,DNa07,DNa07,right,CV,acetylcholine
720575940639428174,efferent,descending,,,DNp23,DNp23,right,CV,acetylcholine
720575940612692889,efferent,descending,,,DNg63,,left,CV,acetylcholine
720575940612648106,efferent,descending,,,DNg67,,left,CV,acetylcholine
720575940630382075,efferent,descending,,,DNge087,,left,CV,gaba
720575940612311987,efferent,descending,,,DNpe003,"VES069,VES081",left,CV,acetylcholine
720575940609589443,efferent,descending,,,DNg05_a,,left,CV,acetylcholine
720575940629833020,efferent,descending,,,DNge010,,left,CV,acetylcholine
720575940622040419,efferent,descending,,,DNpe044,SMP479,left,CV,acetylcholine
720575940611237594,efferent,descending,,,DNpe028,IB046,left,CV,acetylcholine
720575940631632012,efferent,descending,,,DNge012,,right,CV,acetylcholine
720575940624530407,efferent,descending,,,DNge072,,left,CV,gaba
720575940620776880,efferent,descending,,,DNb03,DNb03,left,CV,acetylcholine
720575940643837988,efferent,descending,,,DNg19,,right,CV,acetylcholine
720575940625184782,efferent,descending,,,DNpe026,CL202,left,CV,acetylcholine
720575940619548799,efferent,descending,,,DNpe014,"PS294,PS295,PS298",right,CV,acetylcholine
720575940629170250,efferent,descending,,,DNp57,PS195,right,CV,acetylcholine
720575940628669545,efferent,descending,,,DNge082,,right,CV,acetylcholine
720575940631498563,efferent,descending,,,DNa08,DNa08,left,CV,acetylcholine
720575940614014895,efferent,descending,,,DNge077,,left,CV,acetylcholine
720575940606222014,efferent,descending,,,DNge033,,right,CV,acetylcholine
720575940618658974,efferent,descending,,,DNg89,,right,CV,glutamate
720575940623132621,efferent,descending,,,DNge146,,right,CV,gaba
720575940631168057,efferent,descending,,,DNg60,,left,CV,gaba
720575940627731176,efferent,descending,,,DNg05_a,,right,CV,acetylcholine
720575940639553920,efferent,descending,,,DNge101,,right,CV,gaba
720575940636029807,efferent,descending,,,DNg72,,right,CV,glutamate
720575940620859630,efferent,descending,,,DNge052,,right,CV,gaba
720575940621628582,efferent,descending,,,DNg85,,left,CV,acetylcholine
720575940615578043,efferent,descending,,,DNge068,,right,CV,glutamate
720575940651932150,efferent,descending,,,DNge070,DNb06,right,CV,acetylcholine
720575940628225167,efferent,descending,,,DNg48,,right,CV,acetylcholine
720575940628387663,efferent,descending,,,DNg69,,left,CV,gaba
720575940617373268,efferent,descending,,,DNge098,,right,CV,gaba
720575940645032580,efferent,descending,,,DNg12_c,,right,CV,acetylcholine
720575940627210568,efferent,descending,,,DNg79,,left,CV,acetylcholine
720575940605450342,efferent,descending,,,DNge087,,left,CV,gaba
720575940644659236,efferent,descending,,,DNge028,,left,CV,acetylcholine
720575940625345511,efferent,descending,,,DNp63,PS113,right,CV,acetylcholine
720575940632412333,efferent,descending,,,DNge096,,right,CV,gaba
720575940633953434,efferent,descending,,,DNp41,"PS294,PS295,PS298",right,CV,acetylcholine
720575940623274966,efferent,descending,,,DNpe037,CL338,left,CV,acetylcholine
720575940646814340,efferent,descending,,,DNp57,PS195,left,CV,acetylcholine
720575940622632084,efferent,descending,,,DNge001,,right,CV,acetylcholine
720575940616026939,efferent,descending,,,MDN,MDN,left,CV,acetylcholine
720575940617792069,efferent,descending,,,DNge044,,right,CV,acetylcholine
720575940640331472,efferent,descending,,,MDN,MDN,right,CV,acetylcholine
720575940627167516,efferent,descending,,,DNge065,,right,CV,gaba
720575940620582260,efferent,descending,,,DNp67,CL139,left,CV,acetylcholine
720575940630106309,efferent,descending,,,DNpe001,IB111,left,CV,acetylcholine
720575940621336852,efferent,descending,,,DNg42,,right,CV,glutamate
720575940614759149,efferent,descending,,,DNge140,,left,CV,acetylcholine
720575940645693476,efferent,descending,,,DNpe032,PS216,right,CV,acetylcholine
720575940618156829,efferent,descending,,,DNb02,DNb02,left,CV,glutamate
720575940637603038,efferent,descending,,,DNge038,,right,CV,acetylcholine
720575940619678366,efferent,descending,,,DNp10,DNp10,right,CV,acetylcholine
720575940630334658,efferent,descending,,,DNb08,VES082,left,CV,acetylcholine
720575940614352278,efferent,descending,,,DNge004,,left,CV,glutamate
720575940635701655,efferent,descending,,,DNg91,hb1626948732,left,CV,acetylcholine
720575940617918021,efferent,descending,,,DNge131,,left,CV,acetylcholine
720575940613403890,efferent,descending,,,DNp48,SMP462,left,CV,acetylcholine
720575940625815562,efferent,descending,,,DNg77,,left,CV,acetylcholine
720575940626889491,efferent,descending,,,DNge124,,right,CV,acetylcholine
720575940627538434,efferent,descending,,,DNg79,,right,CV,acetylcholine
720575940626806046,efferent,descending,,,DNpe039,CL306,right,CV,acetylcholine
720575940615030568,efferent,descending,,,DNg58,,right,CV,acetylcholine
720575940622594186,efferent,descending,,,DNg91,hb1626948732,right,CV,acetylcholine
720575940633771745,efferent,descending,,,DNg20,,right,CV,gaba
720575940620561840,efferent,descending,,,DNpe001,IB111,right,CV,acetylcholine
720575940625573322,efferent,descending,,,DNae006,PS045,right,CV,acetylcholine
720575940644740256,efferent,descending,,,DNg11,,right,CV,glutamate
720575940625890888,efferent,descending,,,DNge012,,left,CV,acetylcholine
720575940613589167,efferent,descending,,,DNge058,,right,CV,acetylcholine
720575940613558509,efferent,descending,,,DNpe055,PS167,right,CV,acetylcholine
720575940608409355,efferent,descending,,,DNpe035,SMP601,left,CV,acetylcholine
720575940613170498,efferent,descending,,,DNp37,vpoDN,right,CV,acetylcholine
720575940612366322,efferent,descending,,,DNge045,,left,CV,acetylcholine
720575940619191966,efferent,descending,,,DNge119,,right,CV,glutamate
720575940619530187,efferent,descending,,,DNge100,,right,CV,acetylcholine
720575940624861072,efferent,descending,,,DNp53,PS169,right,CV,acetylcholine
720575940621392086,efferent,descending,,,DNde003,LAL106,left,CV,acetylcholine
720575940633293025,efferent,descending,,,DNge065,,left,CV,gaba
720575940613358450,efferent,descending,,,DNbe005,PS069,left,CV,acetylcholine
720575940630054735,efferent,descending,,,DNg23,,left,CV,gaba
720575940623626986,efferent,descending,,,DNg94,,left,CV,serotonin
720575940603874784,efferent,descending,,,DNpe055,PS167,left,CV,acetylcholine
720575940628441862,efferent,descending,,,DNge026,,left,CV,glutamate
720575940627828552,efferent,descending,,,DNg87,,right,CV,acetylcholine
720575940620823828,efferent,descending,,,DNa14,CL052,left,CV,acetylcholine
720575940612429743,efferent,descending,,,DNge074,,left,CV,acetylcholine
720575940617035449,efferent,descending,,,DNge074,,right,CV,serotonin
720575940632722771,efferent,descending,,,DNg31,,left,CV,acetylcholine
720575940623431571,efferent,descending,,,DNge008,,right,CV,acetylcholine
720575940630403031,efferent,descending,,,DNge139,,left,CV,acetylcholine
720575940617952034,efferent,descending,,,DNp68,CL138,right,CV,acetylcholine
720575940607451081,efferent,descending,,,DNge101,,left,CV,gaba
720575940644467360,efferent,descending,,,DNge133,,left,CV,acetylcholine
720575940627997050,efferent,descending,,,DNb03,DNb03,right,CV,acetylcholine
720575940634915691,efferent,descending,,,DNg39,,right,CV,acetylcholine
720575940623110123,efferent,descending,,,DNde003,LAL107,left,CV,acetylcholine
720575940632903737,efferent,descending,,,DNp34,DNp34,right,CV,acetylcholine
720575940609719250,efferent,descending,,,DNpe046,LHPV11a1,right,CV,acetylcholine
720575940619945931,efferent,descending,,,DNd04,,right,CV,glutamate
720575940633165452,efferent,descending,,,DNp33,SAD095,right,CV,acetylcholine
720575940612557994,efferent,descending,,,DNp39,PS297,right,CV,acetylcholine
720575940615559892,efferent,descending,,,DNpe034,SMP486_b,left,CV,acetylcholine
720575940654094241,efferent,descending,,,DNge096,,left,CV,gaba
720575940631508598,efferent,descending,,,DNge032,,right,CV,acetylcholine
720575940613590579,efferent,descending,,,DNge097,,left,CV,glutamate
720575940629304702,efferent,descending,,,DNge073,,right,CV,acetylcholine
720575940631545960,efferent,descending,,,DNg109,,right,CV,acetylcholine
720575940624082931,efferent,descending,,,DNg04,,left,CV,acetylcholine
720575940626888250,efferent,descending,,,DNg94,,right,CV,serotonin
720575940619744496,efferent,descending,,,DNg50,,left,CV,acetylcholine
720575940624106388,efferent,descending,,,DNge019,,right,CV,acetylcholine
720575940624982823,efferent,descending,,,DNbe006,,left,CV,acetylcholine
720575940630808591,efferent,descending,,,DNg52,,right,CV,gaba
720575940623014695,efferent,descending,,,DNpe033,SMP289,right,CV,gaba
720575940622386824,efferent,descending,,,DNge019,,right,CV,acetylcholine
720575940611654570,efferent,descending,,,DNge030,,right,CV,acetylcholine
720575940625641402,efferent,descending,,,DNge018,,left,CV,acetylcholine
720575940621399174,efferent,descending,,,DNge127,,left,CV,gaba
720575940628436282,efferent,descending,,,DNge075,,right,CV,acetylcholine
720575940632632607,efferent,descending,,,DNg64,,left,CV,gaba
720575940615292895,efferent,descending,,,DNpe049,,left,CV,acetylcholine
720575940622237466,efferent,descending,,,DNge152,,center,CV,glutamate
720575940627496829,efferent,descending,,,DNp37,vpoDN,left,CV,acetylcholine
720575940628577897,efferent,descending,,,DNa04,PS015,left,CV,acetylcholine
720575940625090314,efferent,descending,,,DNa08,DNa08,right,CV,acetylcholine
720575940625878160,efferent,descending,,,DNb01,DNb01,left,CV,glutamate
720575940631283267,efferent,descending,,,DNge018,,right,CV,acetylcholine
720575940625718053,efferent,descending,,,DNde003,LAL107,right,CV,acetylcholine
720575940641518733,efferent,descending,,,oviDNb,oviDNb,left,CV,acetylcholine
720575940640316238,efferent,descending,,,DNg102,,left,CV,gaba
720575940630695798,efferent,descending,,,DNge060,,left,CV,glutamate
720575940627731599,efferent,descending,,,DNbe004,PS066,left,CV,glutamate
720575940628884496,efferent,descending,,,DNp03,DNp03,right,CV,acetylcholine
720575940615715003,efferent,descending,,,DNg96,,right,CV,glutamate
720575940606342089,efferent,descending,,,DNg78,,right,CV,acetylcholine
720575940630236988,efferent,descending,,,DNp38,,right,CV,acetylcholine
720575940613347299,efferent,descending,,,DNge042,,right,CV,acetylcholine
720575940624404872,efferent,descending,,,DNpe007,hb1343489608,right,CV,serotonin
720575940627750216,efferent,descending,,,DNpe031,PVLP116,left,CV,glutamate
720575940604103084,efferent,descending,,,DNp33,SAD095,left,CV,acetylcholine
720575940640747352,efferent,descending,,,DNp14,SMP585,left,CV,acetylcholine
720575940627001637,efferent,descending,,,DNge013,,left,CV,octopamine
720575940622037926,efferent,descending,,,DNg41,,right,CV,acetylcholine
720575940611016910,efferent,descending,,,DNb03,DNb03,right,CV,acetylcholine
720575940645258606,efferent,descending,,,DNp59,CL247,left,CV,gaba
720575940611956197,efferent,descending,,,DNg78,,left,CV,acetylcholine
720575940605714878,efferent,descending,,,DNge136,,left,CV,gaba
720575940627845704,efferent,descending,,,DNge148,,right,CV,acetylcholine
720575940630992813,efferent,descending,,,DNp36,CL342,right,CV,glutamate
720575940622147873,efferent,descending,,,DNge043,hb1499778528,left,CV,gaba
720575940624986300,efferent,descending,,,DNge055,,right,CV,glutamate
720575940626092302,efferent,descending,,,DNge082,,left,CV,acetylcholine
720575940621257340,efferent,descending,,,oviDNa_b,SLP410,left,CV,acetylcholine
720575940630803727,efferent,descending,,,DNge103,,left,CV,acetylcholine
720575940635552948,efferent,descending,,,DNpe037,CL338,right,CV,acetylcholine
720575940615505406,efferent,descending,,,DNg23,,right,CV,gaba
720575940631959097,efferent,descending,,,DNge042,,left,CV,acetylcholine
720575940611531986,efferent,descending,,,DNge002,,left,CV,acetylcholine
720575940620749807,efferent,descending,,,DNde001,SAD041,right,CV,glutamate
720575940622550089,efferent,descending,,,DNp07,DNp07,right,CV,acetylcholine
720575940632960813,efferent,descending,,,DNge056,,right,CV,acetylcholine
720575940620169607,efferent,descending,,,DNg59,,right,CV,gaba
720575940636879534,efferent,descending,,,DNpe013,PS168,right,CV,acetylcholine
720575940636329579,efferent,descending,,,DNg41,,left,CV,glutamate
720575940633011256,efferent,descending,,,DNpe023,LAL201,right,CV,acetylcholine
720575940620760692,efferent,descending,,,DNg50,,right,CV,acetylcholine
720575940634560922,efferent,descending,,,DNge073,,left,CV,acetylcholine
720575940626319235,efferent,descending,,,DNge064,,right,CV,acetylcholine
720575940621530117,efferent,descending,,,DNge039,,right,CV,acetylcholine
720575940630480348,efferent,descending,,,DNg102,,right,CV,gaba
720575940617034565,efferent,descending,,,DNp07,DNp07,left,CV,acetylcholine
720575940616647483,efferent,descending,,,DNp19,DNp19,left,CV,acetylcholine
720575940624986919,efferent,descending,,,DNa06,PS039,left,CV,acetylcholine
720575940620038779,efferent,descending,,,DNp47,PS293,right,CV,acetylcholine
720575940605658033,efferent,descending,,,DNge125,,right,CV,acetylcholine
720575940616886301,efferent,descending,,,DNp52,CRE101,left,CV,acetylcholine
720575940646443316,efferent,descending,,,DNge086,,left,CV,gaba
720575940625887207,efferent,descending,,,DNg95,,right,CV,acetylcholine
720575940637341668,efferent,descending,,,DNpe045,DNp23,left,CV,acetylcholine
720575940626009852,efferent,descending,,,DNp05,DNp05,right,CV,acetylcholine
720575940631705130,efferent,descending,,,DNg111,hb1573072464,left,CV,glutamate
720575940616400470,efferent,descending,,,DNge039,,left,CV,acetylcholine
720575940629774274,efferent,descending,,,DNge144,,left,CV,acetylcholine
720575940639242303,efferent,descending,,,DNpe053,SMP454,right,CV,acetylcholine
720575940630291767,efferent,descending,,,DNge046,,left,CV,gaba
720575940617296029,efferent,descending,,,DNge139,,right,CV,acetylcholine
720575940615092019,efferent,descending,,,DNpe042,CL262,left,CV,acetylcholine
720575940638637501,efferent,descending,,,DNp102,PS212,left,CV,acetylcholine
720575940629477675,efferent,descending,,,DNge079,,left,CV,acetylcholine
720575940630689644,efferent,descending,,,DNpe030,,left,CV,acetylcholine
720575940623786376,efferent,descending,,,DNp24,DNp24,left,CV,glutamate
720575940632877869,efferent,descending,,,DNg67,,right,CV,acetylcholine
720575940618398533,efferent,descending,,,DNp54,PS163,right,CV,gaba
720575940617245652,efferent,descending,,,DNp55,WED180,right,CV,acetylcholine
720575940613717138,efferent,descending,,,DNb04,DNb04,right,CV,glutamate
720575940631483695,efferent,descending,,,DNp101,CL334,left,CV,acetylcholine
720575940623125628,efferent,descending,,,DNpe020,PS133,right,CV,acetylcholine
720575940608402524,efferent,descending,,,DNbe006,,right,CV,acetylcholine
720575940635838143,efferent,descending,,,DNpe052,AVLP564,left,CV,acetylcholine
720575940617031385,efferent,descending,,,DNg61,,right,CV,acetylcholine
720575940618314897,efferent,descending,,,DNp70,CL305,right,CV,acetylcholine
720575940629792060,efferent,descending,,,DNge100,,left,CV,acetylcholine
720575940647560500,efferent,descending,,,DNg61,,left,CV,acetylcholine
720575940627645514,efferent,descending,,,DNp03,DNp03,left,CV,acetylcholine
720575940618514043,efferent,descending,,,DNg54,,left,CV,acetylcholine
720575940612203482,efferent,descending,,,DNp05,DNp05,left,CV,acetylcholine
720575940648180868,efferent,descending,,,DNge057,,right,CV,acetylcholine
720575940610199781,efferent,descending,,,DNp102,PS212,right,CV,acetylcholine
720575940632962786,efferent,descending,,,DNa16,PS014,left,CV,acetylcholine
720575940615251251,efferent,descending,,,DNp47,PS293,left,CV,acetylcholine
720575940613088426,efferent,descending,,,DNb07,PS067,left,CV,acetylcholine
720575940606704562,efferent,descending,,,DNpe041,SMP290,right,CV,gaba
720575940645556334,efferent,descending,,,DNg81,,left,CV,glutamate
720575940634750871,efferent,descending,,,DNpe031,PVLP116,left,CV,glutamate
720575940633996883,efferent,descending,,,DNge136,,left,CV,gaba
720575940627139530,efferent,descending,,,DNae002,DNa04,left,CV,acetylcholine
720575940639425112,efferent,descending,,,DNge007,,right,CV,acetylcholine
720575940629812346,efferent,descending,,,DNde002,VES029,left,CV,acetylcholine
720575940629428215,efferent,descending,,,DNpe002,VES068,left,CV,acetylcholine
720575940617552569,efferent,descending,,,DNpe032,PS216,left,CV,acetylcholine
720575940627403578,efferent,descending,,,DNge057,,left,CV,acetylcholine
720575940613636325,efferent,descending,,,DNpe005,WED123,left,CV,acetylcholine
720575940632307025,efferent,descending,,,DNg49,,left,CV,gaba
720575940614075363,efferent,descending,,,DNge103,,right,CV,acetylcholine
720575940629586417,efferent,descending,,,DNp73,,right,CV,acetylcholine
720575940628971779,efferent,descending,,,DNge076,,left,CV,gaba
720575940624426680,efferent,descending,,,DNp45,PVLP117,left,CV,acetylcholine
720575940627847752,efferent,descending,,,DNge080,,left,CV,acetylcholine
720575940621554112,efferent,descending,,,DNpe031,PVLP116,right,CV,glutamate
720575940620534768,efferent,descending,,,DNa05,PS028,left,CV,acetylcholine
720575940635166571,efferent,descending,,,DNg60,,right,CV,gaba
720575940643487342,efferent,descending,,,DNp19,DNp19,right,CV,acetylcholine
720575940629846722,efferent,descending,,,DNp64,CL137,right,CV,acetylcholine
720575940628360723,efferent,descending,,,DNge049,,left,CV,acetylcholine
720575940620621190,efferent,descending,,,DNg99,,left,CV,glutamate
720575940623062515,efferent,descending,,,DNa05,PS028,right,CV,acetylcholine
720575940623918121,efferent,descending,,,DNge055,,left,CV,glutamate
720575940636479863,efferent,descending,,,DNpe013,PS168,left,CV,acetylcholine
720575940620322497,efferent,descending,,,DNae009,PS009,left,CV,acetylcholine
720575940616185531,efferent,descending,,,DNg62,,right,CV,acetylcholine
720575940621157645,efferent,descending,,,DNpe024,CL325,right,CV,acetylcholine
720575940640723315,efferent,descending,,,DNge104,,right,CV,gaba
720575940620622708,efferent,descending,,,DNg76,,right,CV,acetylcholine
720575940610677828,efferent,descending,,,DNge051,,left,CV,gaba
720575940616604817,efferent,descending,,,DNpe023,LAL201,left,CV,acetylcholine
720575940615666655,efferent,descending,,,DNge022,,left,CV,acetylcholine
720575940633178508,efferent,descending,,,DNge006,,right,CV,acetylcholine
720575940624121161,efferent,descending,,,DNpe027,PS166,right,CV,acetylcholine
720575940610472146,efferent,descending,,,DNp23,DNp23,left,CV,acetylcholine
720575940606425033,efferent,descending,,,DNge136,,right,CV,gaba
720575940621626394,efferent,descending,,,DNg102,,right,CV,gaba
720575940618663838,efferent,descending,,,DNge032,,left,CV,acetylcholine
720575940615378700,efferent,descending,,,DNp68,CL138,left,CV,acetylcholine
720575940617280657,efferent,descending,,,DNp45,PVLP117,right,CV,acetylcholine
720575940613838289,efferent,descending,,,DNge132,,right,CV,acetylcholine
720575940621804159,efferent,descending,,,DNp12,WED105,left,CV,acetylcholine
720575940627921182,efferent,descending,,,oviDNa_a,oviDNa,left,CV,acetylcholine
720575940609376707,efferent,descending,,,DNge048,,right,CV,acetylcholine
720575940624977847,efferent,descending,,,DNpe050,CL341,left,CV,acetylcholine
720575940649829241,efferent,descending,,,DNge051,,right,CV,gaba
720575940639118926,efferent,descending,,,DNg24,,right,CV,gaba
720575940620625880,efferent,descending,,,DNpe038,SLP410,left,CV,acetylcholine
720575940616597334,efferent,descending,,,DNge063,,left,CV,gaba
720575940627790991,efferent,descending,,,DNge138,,center,CV,octopamine
720575940605162924,efferent,descending,,,DNpe030,,right,CV,acetylcholine
720575940614187006,efferent,descending,,,DNg43,,right,CV,acetylcholine
720575940631225996,efferent,descending,,,DNp22,,right,CV,acetylcholine
720575940642449909,efferent,descending,,,DNge125,,left,CV,acetylcholine
720575940640486488,efferent,descending,,,DNge127,,right,CV,gaba
720575940613408552,efferent,descending,,,DNa13,LAL041,left,CV,acetylcholine
720575940617290043,efferent,descending,,,DNg86,,left,CV,dopamine
720575940619038366,efferent,descending,,,DNge083,,right,CV,glutamate
720575940626730883,efferent,descending,,,DNg97,,left,CV,acetylcholine
720575940622067165,efferent,descending,,,DNg59,,left,CV,gaba
720575940605725873,efferent,descending,,,DNp44,DNp44,right,CV,acetylcholine
720575940653614838,efferent,descending,,,DNbe002,,left,CV,acetylcholine
720575940616293855,efferent,descending,,,DNp15,DNp15,left,CV,acetylcholine
720575940624459907,efferent,descending,,,DNde007,,right,CV,glutamate
720575940639170723,efferent,descending,,,DNde002,VES029,right,CV,acetylcholine
720575940628345610,efferent,descending,,,DNge002,,right,CV,acetylcholine
720575940623938823,efferent,descending,,,DNb07,PS067,right,CV,glutamate
720575940633170643,efferent,descending,,,DNp08,PS271,right,CV,glutamate
720575940631759663,efferent,descending,,,DNa15,PS017,left,CV,acetylcholine
720575940623637226,efferent,descending,,,DNge004,,right,CV,glutamate
720575940623276168,efferent,descending,,,DNp35,PVLP136,right,CV,acetylcholine
720575940625182341,efferent,descending,,,DNge083,,left,CV,glutamate
720575940623781127,efferent,descending,,,DNp103,PVLP119,left,CV,acetylcholine
720575940615798470,efferent,descending,,,DNpe022,PS271,left,CV,acetylcholine
720575940639634304,efferent,descending,,,DNge022,,right,CV,acetylcholine
720575940607170178,efferent,descending,,,DNge142,,right,CV,gaba
720575940612488341,efferent,descending,,,DNpe045,DNp23,right,CV,acetylcholine
720575940629486075,efferent,descending,,,DNg107,,left,CV,acetylcholine
720575940627826760,efferent,descending,,,DNge037,,right,CV,acetylcholine
720575940639726141,efferent,descending,,,DNge035,,right,CV,acetylcholine
720575940648654468,efferent,descending,,,DNpe036,,right,CV,acetylcholine
720575940625489160,efferent,descending,,,DNge150,,center,CV,octopamine
720575940611735514,efferent,descending,,,DNa11,VES008,left,CV,acetylcholine
720575940623122125,efferent,descending,,,DNp104,CL324,right,CV,acetylcholine
720575940632991815,efferent,descending,,,DNc01,SIFa,left,CV,dopamine
720575940614236200,efferent,descending,,,DNpe016,PS211,right,CV,acetylcholine
720575940629509948,efferent,descending,,,DNp25,DNp25,left,CV,glutamate
720575940627482114,efferent,descending,,,DNd03,,left,CV,serotonin
720575940631499832,efferent,descending,,,DNpe050,CL341,right,CV,acetylcholine
720575940617399257,efferent,descending,,,DNge048,,left,CV,acetylcholine
720575940610505006,efferent,descending,,,DNp103,PVLP119,right,CV,acetylcholine
720575940606633248,efferent,descending,,,DNge058,,left,CV,acetylcholine
720575940644494752,efferent,descending,,,DNbe007,VES042,left,CV,acetylcholine
720575940606179686,efferent,descending,,,DNpe021,CL307,left,CV,acetylcholine
720575940623556755,efferent,descending,,,DNpe016,PS211,left,CV,acetylcholine
720575940646753412,efferent,descending,,,DNb02,DNb02,right,CV,glutamate
720575940614581410,efferent,descending,,,DNp59,CL247,right,CV,gaba
720575940627787609,efferent,descending,,,DNa01,VES006,left,CV,acetylcholine
720575940626562833,efferent,descending,,,DNp66,AVLP499,left,CV,acetylcholine
720575940617554577,efferent,descending,,,DNg12_c,,right,CV,acetylcholine
720575940639789475,efferent,descending,,,DNp64,CL137,left,CV,acetylcholine
720575940620354836,efferent,descending,,,DNp14,SMP585,right,CV,acetylcholine
720575940629866283,efferent,descending,,,DNpe017,hb1406000196,left,CV,acetylcholine
720575940630607738,efferent,descending,,,DNae007,VES009,left,CV,acetylcholine
720575940614660263,efferent,descending,,,DNd03,,right,CV,glutamate
720575940620541099,efferent,descending,,,DNge054,,left,CV,gaba
720575940620298772,efferent,descending,,,DNge035,,left,CV,acetylcholine
720575940626328707,efferent,descending,,,DNae001,DNa01,right,CV,acetylcholine
720575940630425083,efferent,descending,,,DNpe006,CL330,left,CV,acetylcholine
720575940653310198,efferent,descending,,,DNbe004,PS066,right,CV,glutamate
720575940624280066,efferent,descending,,,DNg14,,left,CV,acetylcholine
720575940628858640,efferent,descending,,,DNp66,AVLP499,right,CV,acetylcholine
720575940627432680,efferent,descending,,,DNa04,PS015,right,CV,acetylcholine
720575940613915823,efferent,descending,,,DNpe005,WED123,right,CV,acetylcholine
720575940621031006,efferent,descending,,,DNp48,SMP462,right,CV,acetylcholine
720575940616936226,efferent,descending,,,DNb02,DNb02,left,CV,glutamate
720575940639152361,efferent,descending,,,DNg84,,right,CV,acetylcholine
720575940647586948,efferent,descending,,,DNge050,,right,CV,acetylcholine
720575940631520312,efferent,descending,,,aSP22,DNa08,right,CV,acetylcholine
720575940623164685,efferent,descending,,,DNge003,,left,CV,acetylcholine
720575940623925173,efferent,descending,,,DNp65,,left,CV,gaba
720575940622933765,efferent,descending,,,DNge137,,left,CV,acetylcholine
720575940627107721,efferent,descending,,,DNge036,,right,CV,acetylcholine
720575940625047479,efferent,descending,,,DNg26,,left,CV,serotonin
720575940614089726,efferent,descending,,,DNg101,,right,CV,acetylcholine
720575940644542880,efferent,descending,,,DNge023,,left,CV,acetylcholine
720575940611782874,efferent,descending,,,DNp25,DNp25,right,CV,glutamate
720575940629502251,efferent,descending,,,DNbe007,VES042,right,CV,acetylcholine
720575940614342038,efferent,descending,,,DNge047,,left,CV,dopamine
720575940623431351,efferent,descending,,,DNp15,DNp15,right,CV,acetylcholine
720575940631122191,efferent,descending,,,DNp43,CL332,left,CV,acetylcholine
720575940641173632,efferent,descending,,,DNp69,CL304,left,CV,acetylcholine
720575940635355804,efferent,descending,,,DNge135,,left,CV,gaba
720575940622540899,efferent,descending,,,DNb02,DNb02,right,CV,glutamate
720575940629757036,efferent,descending,,,DNp04,DNp04,right,CV,acetylcholine
720575940631925156,efferent,descending,,,DNpe017,hb1406000196,right,CV,acetylcholine
720575940632472850,efferent,descending,,,DNpe056,PVLP146,right,CV,acetylcholine
720575940645176264,efferent,descending,,,DNp24,DNp24,right,CV,glutamate
720575940623355114,efferent,descending,,,DNg88,,right,CV,acetylcholine
720575940632486969,efferent,descending,,,DNge036,,left,CV,acetylcholine
720575940624766700,efferent,descending,,,DNpe020,PS133,left,CV,acetylcholine
720575940616286175,efferent,descending,,,DNa13,LAL041,left,CV,acetylcholine
720575940638989894,efferent,descending,,,DNge026,,right,CV,glutamate
720575940628659049,efferent,descending,,,DNge137,,right,CV,acetylcholine
720575940626524702,efferent,descending,,,DNg71,,left,CV,glutamate
720575940622321110,efferent,descending,,,DNbe002,,right,CV,acetylcholine
720575940616376287,efferent,descending,,,DNg39,,left,CV,acetylcholine
720575940622195625,efferent,descending,,,DNge003,,right,CV,acetylcholine
720575940628264585,efferent,descending,,,DNge129,,right,CV,gaba
720575940627015196,efferent,descending,,,DNg108,,left,CV,gaba
720575940618594022,efferent,descending,,,DNp42,DNp42,left,CV,acetylcholine
720575940622010373,efferent,descending,,,DNg55,,center,CV,gaba
720575940620918789,efferent,descending,,,DNa03,DNa03,left,CV,acetylcholine
720575940608188427,efferent,descending,,,DNge037,,left,CV,acetylcholine
720575940627099338,efferent,descending,,,DNge062,,left,CV,acetylcholine
720575940632043576,efferent,descending,,,DNg108,,right,CV,gaba
720575940634458719,efferent,descending,,,DNpe056,PVLP146,left,CV,acetylcholine
720575940623385894,efferent,descending,,,DNde005,VES028,right,CV,acetylcholine
720575940644166048,efferent,descending,,,DNp20,DNp20,right,CV,acetylcholine
720575940655587489,efferent,descending,,,DNp73,,left,CV,acetylcholine
720575940629805950,efferent,descending,,,DNg35,,right,CV,acetylcholine
720575940622263066,efferent,descending,,,DNge135,,right,CV,gaba
720575940631282194,efferent,descending,,,DNg104,,left,CV,octopamine
720575940645352814,efferent,descending,,,DNge040,,left,CV,glutamate
720575940627825923,efferent,descending,,,DNg15,,left,CV,acetylcholine
720575940607761244,efferent,descending,,,DNg29,,right,CV,acetylcholine
720575940619432261,efferent,descending,,,DNp26,DNp26,left,CV,acetylcholine
720575940627771279,efferent,descending,,,DNd02,SAD039,right,CV,serotonin
720575940622673860,efferent,descending,,,DNp06,DNp06,left,CV,acetylcholine
720575940614165201,efferent,descending,,,DNge028,,right,CV,acetylcholine
720575940621667693,efferent,descending,,,DNg28,,left,CV,gaba
720575940621519130,efferent,descending,,,DNa16,PS014,right,CV,acetylcholine
720575940632189900,efferent,descending,,,DNp31,DNp31,left,CV,acetylcholine
720575940629041879,efferent,descending,,,DNb06,DNb06,right,CV,acetylcholine
720575940613339875,efferent,descending,,,DNge129,,left,CV,gaba
720575940618936710,efferent,descending,,,DNp58,hb1791391565,right,CV,serotonin
720575940631309866,efferent,descending,,,DNp58,hb1791391565,left,CV,serotonin
720575940660220289,efferent,descending,,,DNge143,,left,CV,gaba
720575940620878785,efferent,descending,,,DNp65,,right,CV,gaba
720575940621319156,efferent,descending,,,DNge027,,left,CV,acetylcholine
720575940626085562,efferent,descending,,,DNg93,,left,CV,gaba
720575940629390123,efferent,descending,,,DNp20,DNp20,left,CV,acetylcholine
720575940630758418,efferent,descending,,,DNb01,DNb01,right,CV,glutamate
720575940613019541,efferent,descending,,,DNg93,,right,CV,gaba
720575940617432065,efferent,descending,,,DNge027,,right,CV,acetylcholine
720575940611813842,efferent,descending,,,DNge050,,left,CV,acetylcholine
720575940622160560,efferent,descending,,,DNg71,,right,CV,glutamate
720575940640978048,efferent,descending,,,DNg100,,left,CV,acetylcholine
720575940630868281,efferent,descending,,,DNae010,PS016,right,CV,acetylcholine
720575940630119532,efferent,descending,,,DNge172,,right,CV,acetylcholine
720575940621065301,efferent,descending,,,DNg88,,left,CV,acetylcholine
720575940619116061,efferent,descending,,,DNbe002,,right,CV,glutamate
720575940625502666,efferent,descending,,,DNa13,LAL041,right,CV,acetylcholine
720575940647228468,efferent,descending,,,DNg100,,right,CV,acetylcholine
720575940641148149,efferent,descending,,,DNp42,DNp42,right,CV,acetylcholine
720575940630085583,efferent,descending,,,DNa03,DNa03,right,CV,acetylcholine
720575940623019544,efferent,descending,,,DNa11,VES008,right,CV,acetylcholine
720575940613917359,efferent,descending,,,DNge107,,right,CV,acetylcholine
720575940618574749,efferent,descending,,,DNg35,,left,CV,acetylcholine
720575940632539788,efferent,descending,,,DNbe001,PS103,right,CV,acetylcholine
720575940637308605,efferent,descending,,,DNb06,DNb06,left,CV,acetylcholine
720575940646160948,efferent,descending,,,DNpe048,SMP367,left,CV,serotonin
720575940637607646,efferent,descending,,,DNa13,LAL041,right,CV,acetylcholine
720575940617448331,efferent,descending,,,DNpe048,SMP367,right,CV,serotonin
720575940620054694,efferent,descending,,,DNp11,DNp11,left,CV,acetylcholine
720575940628352850,efferent,descending,,,DNb05,DNb05,left,CV,acetylcholine
720575940636454136,efferent,descending,,,DNae009,PS009,right,CV,acetylcholine
720575940625295339,efferent,descending,,,DNp13,DNp13,right,CV,acetylcholine
720575940629461442,efferent,descending,,,DNb05,DNb05,right,CV,acetylcholine
720575940641480949,efferent,descending,,,DNg16,,right,CV,acetylcholine
720575940622675421,efferent,descending,,,DNp29,NPFP1,left,CV,serotonin
720575940623446860,efferent,descending,,,DNg30,DNg30,right,CV,serotonin
720575940617904208,efferent,descending,,,DNp62,DSKMP1B,right,CV,serotonin
720575940629413962,efferent,descending,,,DNp27,DNp27,right,CV,serotonin
720575940618440000,efferent,descending,,,DNp18,DNp18,left,CV,acetylcholine
720575940628731140,efferent,descending,,,DNp27,DNp27,left,CV,serotonin
720575940632499757,efferent,descending,,,DNp01,Giant Fiber,right,CV,glutamate
720575940622838154,efferent,descending,,,DNp01,Giant Fiber,left,CV,acetylcholine
720575940650929273,efferent,descending,,,DNp32,DNp32,left,CV,dopamine
720575940616935838,efferent,descending,,,DNg10,,right,CV,acetylcholine
720575940631855663,efferent,descending,,,DNg10,,right,CV,glutamate
720575940619590360,efferent,descending,,,DNge115,,left,CV,acetylcholine
720575940626557442,efferent,descending,,,DNge173,,right,CV,acetylcholine
720575940630221563,efferent,descending,,,DNge019,,left,CV,acetylcholine
720575940608960722,efferent,descending,,,DNg12_b,,left,CV,acetylcholine
720575940632698541,efferent,descending,,,DNg12_b,,left,CV,acetylcholine
720575940611700520,efferent,descending,,,DNg12_b,,left,CV,acetylcholine
720575940612427414,efferent,descending,,,DNge020,,left,CV,acetylcholine
720575940612427670,efferent,descending,,,DNg12_e,,left,CV,acetylcholine
720575940632355885,efferent,descending,,,DNge020,,left,CV,acetylcholine
720575940617993607,efferent,descending,,,DNg12_b,,left,CV,acetylcholine
720575940618147520,efferent,descending,,,DNg12_b,,left,CV,acetylcholine
720575940618762605,efferent,descending,,,DNg12_b,,left,CV,acetylcholine
720575940619133878,efferent,descending,,,DNge019,,left,CV,acetylcholine
720575940619524852,efferent,descending,,,DNg12_b,,left,CV,acetylcholine
720575940621181066,efferent,descending,,,DNge024,,left,CV,acetylcholine
720575940628445169,efferent,descending,,,DNge024,,left,CV,acetylcholine
720575940625422609,efferent,descending,,,DNg12_b,,left,CV,acetylcholine
720575940626849546,efferent,descending,,,DNge019,,left,CV,acetylcholine
720575940628378440,efferent,descending,,,DNge021,,left,CV,acetylcholine
720575940617074393,efferent,descending,,,DNg12_a,,left,CV,acetylcholine
720575940615623051,efferent,descending,,,DNg12_b,,left,CV,acetylcholine
720575940632620991,efferent,descending,,,DNge019,,left,CV,acetylcholine
720575940633529548,efferent,descending,,,DNg74_a,,left,CV,gaba
720575940613816062,efferent,descending,,,DNg106,,left,CV,gaba
720575940618818395,efferent,descending,,,DNg08_b,,left,CV,glutamate
720575940631091407,efferent,descending,,,DNge099,,left,CV,glutamate
720575940620231590,efferent,descending,,,DNge088,,left,CV,glutamate
720575940613929391,efferent,descending,,,DNg38,,left,CV,glutamate
720575940631593753,efferent,descending,,,DNg08_b,,left,CV,glutamate
720575940636761926,efferent,descending,,,DNg08_a,,left,CV,glutamate
720575940622332403,efferent,descending,,,DNge020,,left,CV,acetylcholine
720575940631035603,efferent,descending,,,DNge024,,left,CV,acetylcholine
720575940623468691,efferent,descending,,,DNa10,DNa10,left,CV,acetylcholine
720575940633543531,efferent,descending,,,DNg06,,left,CV,acetylcholine
720575940629806974,efferent,descending,,,DNge078,,right,CV,acetylcholine
720575940634229871,efferent,descending,,,DNg21,,left,CV,acetylcholine
720575940614235323,efferent,descending,,,DNge029,,left,CV,glutamate
720575940620297819,efferent,descending,,,DNge123,,left,CV,glutamate
720575940616471052,efferent,descending,,,DNg13,hb1696530677,left,CV,acetylcholine
720575940630682618,efferent,descending,,,DNg08_a,,right,CV,gaba
720575940628881576,efferent,descending,,,DNg52,,right,CV,gaba
720575940632339425,efferent,descending,,,DNg08_b,,right,CV,gaba
720575940629686339,efferent,descending,,,DNpe012,PS227,right,CV,acetylcholine
720575940618947956,efferent,descending,,,DNge020,,left,CV,acetylcholine
720575940616353675,efferent,descending,,,DNge009,,left,CV,acetylcholine
720575940617568697,efferent,descending,,,DNge001,,left,CV,acetylcholine
720575940625733351,efferent,descending,,,DNc02,SIFa,right,CV,dopamine
720575940623068841,efferent,descending,,,DNde007,,left,CV,glutamate
720575940639353552,efferent,descending,,,DNg06,,right,CV,acetylcholine
720575940619074836,efferent,descending,,,DNg05_b,,left,CV,acetylcholine
720575940624991495,efferent,descending,,,DNge172,,left,CV,acetylcholine
720575940627417619,efferent,descending,,,DNg12_c,,right,CV,acetylcholine
720575940604727264,efferent,descending,,,DNge020,,right,CV,acetylcholine
720575940631518582,efferent,descending,,,DNg12_b,,right,CV,acetylcholine
720575940618393478,efferent,descending,,,DNge020,,right,CV,acetylcholine
720575940631662648,efferent,descending,,,DNge106,,right,CV,acetylcholine
720575940631108559,efferent,descending,,,DNg12_b,,right,CV,acetylcholine
720575940626527055,efferent,descending,,,DNg12_e,,right,CV,acetylcholine
720575940622478349,efferent,descending,,,DNge024,,right,CV,acetylcholine
720575940608735241,efferent,descending,,,DNg38,,right,CV,gaba
720575940645032068,efferent,descending,,,DNge024,,right,CV,acetylcholine
720575940623781611,efferent,descending,,,DNge105,,right,CV,acetylcholine
720575940621246068,efferent,descending,,,DNg101,,left,CV,acetylcholine
720575940630244060,efferent,descending,,,DNg33,,right,CV,acetylcholine
720575940612376805,efferent,descending,,,DNg21,,right,CV,acetylcholine
720575940630808827,efferent,descending,,,DNg68,,right,CV,acetylcholine
720575940627285267,efferent,descending,,,DNge174,,right,CV,acetylcholine
720575940624319124,efferent,descending,,,DNg62,,left,CV,acetylcholine
720575940606112940,efferent,descending,,,DNg13,hb1696530677,right,CV,acetylcholine
720575940628844712,efferent,descending,,,DNg44,,right,CV,glutamate
720575940627234069,efferent,descending,,,DNge069,,right,CV,glutamate
720575940612206810,efferent,descending,,,DNge034,,left,CV,glutamate
720575940619077755,efferent,descending,,,DNge029,,right,CV,glutamate
720575940612629210,efferent,descending,,,DNge088,,right,CV,acetylcholine
720575940647029044,efferent,descending,,,DNg105,,right,CV,acetylcholine
720575940621801456,efferent,descending,,,DNge120,,left,CV,acetylcholine
720575940621767306,efferent,descending,,,DNg12_e,,left,CV,acetylcholine
720575940604470956,efferent,descending,,,DNg63,,right,CV,acetylcholine
720575940609948514,efferent,descending,,,DNg32,,right,CV,acetylcholine
720575940627500279,efferent,descending,,,DNg12_e,,left,CV,acetylcholine
720575940605513649,efferent,descending,,,DNg90,,right,CV,gaba
720575940624897516,efferent,descending,,,DNg105,,left,CV,acetylcholine
720575940624967463,efferent,descending,,,DNg52,,left,CV,gaba
720575940626799920,efferent,descending,,,DNg106,,right,CV,gaba
720575940622760269,efferent,descending,,,DNg08_b,,right,CV,gaba
720575940624748419,efferent,descending,,,DNg08_a,,right,CV,gaba
720575940626936324,efferent,descending,,,DNg106,,right,CV,gaba
720575940622500172,efferent,descending,,,DNg74_a,,right,CV,gaba
720575940624131913,efferent,descending,,,DNg08_a,,right,CV,gaba
720575940618051801,efferent,descending,,,DNg08_a,,left,CV,glutamate
720575940634862943,efferent,descending,,,DNge076,,right,CV,gaba
720575940622878719,efferent,descending,,,DNg106,,right,CV,gaba
720575940622996579,efferent,descending,,,DNg40,hb5813056435,right,CV,glutamate
720575940621274845,efferent,descending,,,DNg08_b,,right,CV,glutamate
720575940625937340,efferent,descending,,,DNg106,,right,CV,glutamate
720575940635564896,efferent,descending,,,DNg08_a,,right,CV,glutamate
720575940616688286,efferent,descending,,,DNg08_a,,right,CV,glutamate
720575940617035153,efferent,descending,,,DNg106,,left,CV,glutamate
720575940620929483,efferent,descending,,,DNg106,,left,CV,gaba
720575940630059087,efferent,descending,,,DNg106,,left,CV,glutamate
720575940631543414,efferent,descending,,,DNge120,,right,CV,acetylcholine
720575940621471157,efferent,descending,,,DNg08_a,,right,CV,glutamate
720575940631973207,efferent,descending,,,DNg08_b,,left,CV,glutamate
720575940618405686,efferent,descending,,,DNge069,,left,CV,glutamate
720575940639705077,efferent,descending,,,DNg106,,left,CV,glutamate
720575940623033532,efferent,descending,,,DNg08_a,,left,CV,glutamate
720575940608076739,efferent,descending,,,DNg08_a,,left,CV,glutamate
720575940629438508,efferent,descending,,,DNg106,,right,CV,glutamate
720575940645534516,efferent,descending,,,DNg95,,left,CV,acetylcholine
720575940632458514,efferent,descending,,,DNg08_b,,left,CV,glutamate
720575940609417995,efferent,descending,,,DNge147,,left,CV,acetylcholine
720575940615671106,efferent,descending,,,DNge059,,left,CV,acetylcholine
720575940645045527,efferent,descending,,,DNge174,,left,CV,acetylcholine
720575940610001220,efferent,descending,,,DNge173,,left,CV,acetylcholine
720575940627812168,efferent,descending,,,DNg47,,left,CV,acetylcholine
720575940637648485,efferent,descending,,,DNg20,,left,CV,gaba
720575940626816062,efferent,descending,,,DNg83,,left,CV,gaba
720575940628659305,efferent,descending,,,DNg65,,left,CV,serotonin
720575940635179871,efferent,descending,,,DNg103,,left,CV,gaba
720575940620543025,efferent,descending,,,DNg34,,left,CV,octopamine
720575940623426854,efferent,descending,,,DNg73,,left,CV,acetylcholine
720575940660269185,efferent,descending,,,DNg106,,left,CV,glutamate
720575940625863728,efferent,descending,,,DNg109,,left,CV,acetylcholine
720575940605300140,efferent,descending,,,DNg26,,right,CV,serotonin
720575940626672058,efferent,descending,,,DNge056,,left,CV,acetylcholine
720575940623128269,efferent,descending,,,DNg37,,left,CV,acetylcholine
720575940619757366,efferent,descending,,,DNg27,,left,CV,glutamate
720575940610605614,efferent,descending,,,DNge119,,left,CV,glutamate
720575940612036837,efferent,descending,,,DNg96,,left,CV,glutamate
720575940634459290,efferent,descending,,,DNb08,VES082,right,CV,acetylcholine
720575940625006776,efferent,descending,,,DNde006,,right,CV,glutamate
720575940619877396,efferent,descending,,,DNge059,,right,CV,acetylcholine
720575940631629160,efferent,descending,,,DNg47,,right,CV,acetylcholine
720575940621107847,efferent,descending,,,DNge131,,right,CV,acetylcholine
720575940611735002,efferent,descending,,,DNg79,,right,CV,acetylcholine
720575940659356545,efferent,descending,,,DNge005,,right,CV,serotonin
720575940628883535,efferent,descending,,,DNge099,,right,CV,glutamate
720575940627044885,efferent,descending,,,DNge141,,right,CV,gaba
720575940633781217,efferent,descending,,,DNg107,,right,CV,acetylcholine
720575940628030440,efferent,descending,,,DNg22,,right,CV,serotonin
720575940630274459,efferent,descending,,,DNg26,,left,CV,serotonin
720575940614384757,efferent,descending,,,DNg17,,right,CV,gaba
720575940624333802,efferent,descending,,,DNg37,,right,CV,acetylcholine
720575940606753884,efferent,descending,,,DNxl114,,right,CV,glutamate
720575940606866377,efferent,descending,,,DNg103,,right,CV,gaba
