seed,no_pillar,pillar_y,readout,stim,spatial,n_strips,n_read_left,n_read_right,turn_deg,path_mm,dx_mm,dy_mm,dark_left_mean,dark_right_mean,dark_left_max,dark_right_max,cmd_left_mean,cmd_right_mean,cmd_asym_mean,corr_dark_cmd,corr_dark_cmd_lag1,dist_min_mm,dist_end_mm,elapsed_s,condition,scene,input
0,False,0.0,population,visual,True,4,116,114,45.216531770638255,16.176953415924345,14.208607418987121,7.733647071989416,0.06721870705485344,0.31486268404725704,0.10547981411218643,0.75,0.7096975854680702,0.9029415480149854,-0.19324396254691492,0.6999495305990626,0.7320775498455206,1.827990830969451,10.744122048407108,40.70917700001155,A1: впереди,A1,пространственный
1,False,0.0,population,visual,True,4,116,114,-64.45334974286573,15.737798585637375,11.728314687965135,-10.494043019835159,0.300207888726145,0.03057645956752822,0.75,0.20091992616653442,0.932356461805095,0.672035809702403,0.26032065210269206,0.6468230053595904,0.6801558357953077,2.342540030577254,11.709289246391283,52.609113402999355,A1: впереди,A1,пространственный
2,False,0.0,population,visual,True,4,116,114,-27.343522027288543,17.03260915496192,13.996495781854273,-9.706074410091253,0.24505564998427873,0.08038000369328074,0.75,0.1251019835472107,0.8908066337918599,0.7468837769020675,0.1439228568897925,0.7401660009876545,0.7608568953965859,2.9928368113827313,12.198046900671972,65.65047891899303,A1: впереди,A1,пространственный
3,False,0.0,population,visual,True,4,116,114,42.028480663239634,16.377494537422237,14.103186288827542,8.326011279473624,0.08705483440309764,0.30399700058740564,0.1309148073196411,0.75,0.7135438681088436,0.8978277339231662,-0.18428386581432238,0.7564435584816472,0.7785368119440221,1.8023062537359458,11.068250654929109,95.76600842499465,A1: впереди,A1,пространственный
4,False,0.0,population,visual,True,4,116,114,-36.450652787478106,16.76887373848271,14.976628607221961,-7.542925295832903,0.30589999563089804,0.07605770897120237,1.0,0.12421578913927078,0.8967662487752183,0.7370533473647662,0.15971290141045189,0.721468436410875,0.7431918966464904,1.5100307614487678,11.316888718329126,133.80517599299492,A1: впереди,A1,пространственный
5,False,0.0,population,visual,True,4,116,114,65.3707270835639,15.32630565943723,11.44799526763088,10.19014472511547,0.03443954923655838,0.2817229739747563,0.06684271991252899,0.75,0.6537324079935923,0.9167825464485817,-0.26305013845498926,0.7539409244351108,0.7769316692685024,2.334035910698757,11.69836711038683,153.7606843359972,A1: впереди,A1,пространственный
6,False,0.0,population,visual,True,4,116,114,-3.850104520654696,17.903175033556604,17.88612841617746,0.7810803813780596,0.11702693272382021,0.1452721258427482,0.4161539077758789,0.5454010963439941,0.8418441149140911,0.8401990935221637,0.0016450213919272328,-0.11006375673086362,-0.029735665934561464,0.34292607492072574,10.825154302497255,183.44295218399202,A1: впереди,A1,пространственный
7,False,0.0,population,visual,True,4,116,114,10.796291222871133,17.672916708989785,17.619101743109056,1.3781287199901826,0.09995185551728354,0.15949601310305297,0.4673715829849243,0.5646733045578003,0.7957243638454342,0.861930947922352,-0.066206584076918,0.15063012544480836,0.18140513327191565,0.10037869529015613,10.47913178734008,195.61040530800528,A1: впереди,A1,пространственный
0,False,10.0,population,visual,True,4,116,114,-15.091470441560688,15.426995159883576,15.248867311581993,-2.337568261428416,0.07517858181789051,0.028266951660334598,0.25,0.07254967093467712,0.7610673466925028,0.6788871759005971,0.08218017079190547,0.834993465781519,0.8686878905505092,9.682793593457163,21.26155938523212,208.64308396300476,B1: сбоку слева,B1,пространственный
1,False,10.0,population,visual,True,4,116,114,2.3889341285509147,14.591884900179116,14.481175417145352,-1.7940633985287215,0.02715172204472765,0.01260001610047766,0.13108812272548676,0.20091992616653442,0.6810146073231688,0.6768139891846264,0.004200618138542354,0.5583907722747322,0.638889059031173,10.647497880771159,21.17546446959651,199.34479687199928,B1: сбоку слева,B1,пространственный
2,False,10.0,population,visual,True,4,116,114,20.162672624994315,15.222067382412366,15.119017479639178,-1.7682324069724105,0.018218382480554282,0.04511390814557672,0.17391997575759888,0.08451516181230545,0.6807621441334275,0.732148172698006,-0.051386028564578155,0.8150040960590952,0.8413073295843382,10.856798475149354,21.593463886408426,211.6112636100006,B1: сбоку слева,B1,пространственный
3,False,10.0,population,visual,True,4,116,114,-14.53751319963564,15.02797914384296,14.881099693286982,-2.0959554065468837,0.07256722450290909,0.010551191682898206,0.25,0.10099045187234879,0.740715881726231,0.6631298956528653,0.07758598607336598,0.7919493052875363,0.8313368116949248,10.099915149317539,21.27478395098992,219.49120871500054,B1: сбоку слева,B1,пространственный
4,False,10.0,population,visual,True,4,116,114,10.218639063008936,15.101932022196518,15.076470636502629,0.8765751249714101,0.016114279569592327,0.04270297430455685,0.06691224873065948,0.07077383995056152,0.6642083807947832,0.7279264068998547,-0.06371802610507149,0.050863148973872806,0.12323455580353515,10.681001802745225,20.500519620776366,227.47134875299525,B1: сбоку слева,B1,пространственный
5,False,10.0,population,visual,True,4,116,114,-7.862156103130758,15.74150350718267,15.72489243528489,-0.7229734195420962,0.07671808406244963,0.034141310220584274,0.24418875575065613,0.08478852361440659,0.7500852816129883,0.7122933914183818,0.037791890194606485,0.6721470104150455,0.7296970064334443,9.93054396352119,21.406838713687563,223.69951416400727,B1: сбоку слева,B1,пространственный
6,False,10.0,population,visual,True,4,116,114,-15.022899066774727,15.264360159818674,15.050134206240335,-2.5483625061623747,0.06829882924514095,0.02299036560335594,0.24957364797592163,0.06948661059141159,0.7566343899865651,0.6767219762590044,0.0799124137275608,0.8158968394806622,0.8475179041700638,10.21828234988683,21.89486583802998,229.93798904601135,B1: сбоку слева,B1,пространственный
7,False,10.0,population,visual,True,4,116,114,8.03020407381453,15.13662380185177,15.068979803757959,1.4294151925596315,0.0260401357212686,0.04423416908830404,0.08889666199684143,0.1746729165315628,0.6674423919900724,0.7263829026899142,-0.05894051069984162,0.38322581500988656,0.43975680974365017,10.416484198757571,19.816433404367277,229.30287972399674,B1: сбоку слева,B1,пространственный
0,False,2.0,population,visual,True,4,116,114,-8.301149610481929,18.2015486107233,18.161477163103534,1.2071118765848179,0.18500594137236476,0.12184881896246225,0.648995041847229,0.33701080083847046,0.8772063697562626,0.8375715544264345,0.039634815329828085,0.29187309050996657,0.34059159880108497,0.3811458921731805,10.689481580461278,221.26433581199672,A2: спереди-слева,A2,пространственный
1,False,2.0,population,visual,True,4,116,114,-56.07061004330927,15.48391189703805,12.801863106923456,-8.709984421732829,0.26490752179175614,0.026135477118659763,0.6493949294090271,0.20091992616653442,0.8979941944347651,0.6683603946292109,0.2296337998055539,0.6771569347488243,0.7151703876305562,3.484915555725502,12.361157310497669,230.4763871069881,A2: спереди-слева,A2,пространственный
2,False,2.0,population,visual,True,4,116,114,-25.237948451026654,16.99573327287566,14.217927397053288,-9.311578277330561,0.2162855540541932,0.07584307591663673,0.5,0.11938667297363281,0.8850124584196641,0.7441715853443214,0.14084087307534277,0.878703956538297,0.8940248250640132,4.690401707683106,13.68316530336465,221.83075790099974,A2: спереди-слева,A2,пространственный
3,False,2.0,population,visual,True,4,116,114,-66.59731617170276,15.737531735418445,13.67453852032651,-7.789537943896872,0.3100882412865758,0.026163004632107915,0.75,0.209865003824234,0.938206257281194,0.6666696401588171,0.27153661712237687,0.7050311651683555,0.7338700784468087,2.323354066665774,11.504394317344053,211.25994495699706,A2: спереди-слева,A2,пространственный
4,False,2.0,population,visual,True,4,116,114,-27.459375413426898,16.69932332589393,15.717337882091332,-5.642046565114635,0.24183832958049606,0.07159346604719757,0.75,0.1234745979309082,0.8673941420720434,0.7409477762498056,0.1264463658222379,0.7256069371465829,0.7585381973150197,2.8569724940655723,11.918288888014,223.0617480679939,A2: спереди-слева,A2,пространственный
5,False,2.0,population,visual,True,4,116,114,-36.96969613036106,16.680228276456052,15.964563792487251,-4.833499588319956,0.30724638763813344,0.05751975892839255,1.0,0.28737950325012207,0.8981869944446036,0.7273495776352544,0.1708374168093493,0.7222627730931793,0.7524860378727154,1.3813255823934638,11.037213216515926,211.55650167900603,A2: спереди-слева,A2,пространственный
6,False,2.0,population,visual,True,4,116,114,-53.367098126753035,16.00445990319198,14.460812549853502,-6.857669953481232,0.2793554355041124,0.04119792566169053,0.75,0.0794166773557663,0.9096451128363561,0.6853948840355474,0.2242502288008087,0.6937965729055855,0.7215381072182723,2.5227038888997737,11.503607825380607,220.0352032729861,A2: спереди-слева,A2,пространственный
7,False,2.0,population,visual,True,4,116,114,-31.015364528863046,16.929451504265497,15.981864183560605,-5.584473605766258,0.2628697313464363,0.07542504170909524,0.75,0.1746729165315628,0.8833065028410448,0.7414174067819065,0.14188909605913833,0.7357787883644314,0.7721651310130833,2.52073059521442,11.628218222561165,226.1116342000023,A2: спереди-слева,A2,пространственный
0,False,10.0,population,visual,True,4,116,114,-21.56078836224134,15.91338619348728,15.635432464230597,-2.9612686132054185,0.1077148867584765,0.03066716278612148,0.25,0.07400796562433243,0.8047634284765718,0.6938529121890411,0.11091051628753065,0.7903468372170666,0.8326476713411793,9.36499075236911,20.30581215783534,224.23541173199192,B2: сбоку-слева,B2,пространственный
1,False,10.0,population,visual,True,4,116,114,-11.162050830038652,14.96288765474134,14.297981625700473,-4.410864813111198,0.07258147776243278,0.016793527025729418,0.24854770302772522,0.20091992616653442,0.7448711242711629,0.6670629012616084,0.0778082230095546,0.6899037001883984,0.7493549470185232,10.27419235851,21.138687613126816,222.28277294899453,B2: сбоку-слева,B2,пространственный
2,False,10.0,population,visual,True,4,116,114,12.725145782852962,15.67657605456674,15.199631450353543,-3.8374784127130566,0.05502675451338291,0.050988105500000526,0.23027744889259338,0.096525639295578,0.7259869454549411,0.7332399070503974,-0.007252961595456576,0.8424293387212093,0.8650902021884906,10.552478935582691,21.378805075055,221.00185657500697,B2: сбоку-слева,B2,пространственный
3,False,10.0,population,visual,True,4,116,114,-28.426169753598202,15.464638324562127,15.093215967921994,-3.368956849705893,0.11331787852570414,0.012003070797218242,0.25,0.10099045187234879,0.8016771490127952,0.6665604058879905,0.13511674312480487,0.7728722077256178,0.8134667564747791,9.699235598168165,20.594701017816753,216.85413555100968,B2: сбоку-слева,B2,пространственный
4,False,10.0,population,visual,True,4,116,114,-2.986799725413192,15.830648254302087,15.633389066095225,-2.4912989502530594,0.071371758133173,0.056171800456941125,0.22136980295181274,0.09987582266330719,0.7450054064095137,0.7268686668765051,0.018136739533008515,0.6592690207777016,0.7110373811742849,10.221451942300456,21.11267009587073,209.07213397399755,B2: сбоку-слева,B2,пространственный
5,False,10.0,population,visual,True,4,116,114,-12.745066416383196,15.95663017895905,15.884040749202892,-1.5202947561998508,0.09685472522163764,0.036837865943089125,0.2641274929046631,0.08706407994031906,0.7777387313922378,0.7147327550114225,0.06300597638081515,0.7963008768192477,0.8357218564944562,9.492210287988762,20.225484941134663,220.1146806869947,B2: сбоку-слева,B2,пространственный
6,False,10.0,population,visual,True,4,116,114,-21.201556721345185,15.524130985878323,15.294498583995551,-2.6602548620133266,0.09425820397795177,0.024742171571124346,0.2504146695137024,0.07342038303613663,0.7853472004905452,0.6849221243036112,0.10042507618693375,0.8000669233397791,0.8437192493969955,9.779010804441462,20.54029867715219,220.00397679000162,B2: сбоку-слева,B2,пространственный
7,False,10.0,population,visual,True,4,116,114,-4.121853170548093,15.868391995732908,15.84590168713514,-0.8445497332235644,0.08381326211849227,0.05664260501042009,0.24513928592205048,0.1746729165315628,0.7399858071517816,0.7283097814665455,0.011676025685235958,0.6942747708607985,0.7426176880746396,10.016509223935897,19.874938143810198,215.1553138540039,B2: сбоку-слева,B2,пространственный
0,True,,population,visual,True,4,116,114,-8.261206056499645,15.055378792383054,15.054898358130497,-0.12027472093941727,0.03604536728933454,0.01942447744011588,0.08874303102493286,0.05879250913858414,0.7136800510659828,0.6762632269912018,0.037416824074781016,0.01301193316723491,0.13259743139054586,,,234.18721612200898,контроль: пусто,ctrl,пространственный
1,True,,population,visual,True,4,116,114,-8.23615983053918,14.87327612232296,14.654422042715456,-2.5420970093286397,0.06214332122239284,0.013728448774236313,0.10667961835861206,0.20091992616653442,0.7204448897111447,0.6717728581860151,0.04867203152513005,0.6643155223165528,0.7130293315989619,,,215.57410682599584,контроль: пусто,ctrl,пространственный
2,True,,population,visual,True,4,116,114,21.410014119635264,14.986478498937386,14.941657270965136,-1.1581950596195916,0.012374903752061073,0.04493799533054698,0.10895080119371414,0.07975990325212479,0.6640049309143936,0.7221473029423704,-0.05814237202797684,0.5244521842052097,0.5668857343255838,,,216.27417557699664,контроль: пусто,ctrl,пространственный
3,True,,population,visual,True,4,116,114,-12.57480371802069,14.75411907963184,14.747763320798466,-0.4330206111349914,0.052153809294104576,0.006400895899223542,0.07931481301784515,0.10099045187234879,0.7091774898448846,0.6556610303786716,0.053516459466212696,0.5586160775581563,0.5977844847690394,,,225.41183616600756,контроль: пусто,ctrl,пространственный
4,True,,population,visual,True,4,116,114,11.486887510358173,14.934256525521333,14.885017913345974,1.2117176607799258,0.01012779362295987,0.0413786687515676,0.03274499624967575,0.06815629452466965,0.6533334419780013,0.7260364973751173,-0.0727030553971159,0.0004801360493283438,0.08072042789704227,,,236.85937753699545,контроль: пусто,ctrl,пространственный
5,True,,population,visual,True,4,116,114,2.7638315835017124,14.988866052037569,14.908436912341143,1.5506819005419494,0.01827778311446309,0.025895038866437972,0.03349962830543518,0.06762225925922394,0.6805563965958896,0.7071055239378863,-0.026549127341996846,-0.08123573097633587,-0.07180097885360645,,,232.1978978900006,контроль: пусто,ctrl,пространственный
6,True,,population,visual,True,4,116,114,-5.940245329641698,14.774113171679877,14.755636462320993,0.7386559425253911,0.02104898335179314,0.012381228697486223,0.04338259994983673,0.06277987360954285,0.6910006586514105,0.6757706910474772,0.015229967603933487,0.259122325790322,0.2865115048664682,,,228.39480154399644,контроль: пусто,ctrl,пространственный
7,True,,population,visual,True,4,116,114,12.763906675835614,14.661385406490353,14.474942267237704,2.3307227200556677,0.00603691943208105,0.039532919484190646,0.03112196736037731,0.17467278242111206,0.6347876309121565,0.7218112029399957,-0.08702357202783896,0.5860407468242343,0.6314735269270134,,,229.42581256400445,контроль: пусто,ctrl,пространственный
0,False,0.0,population,visual,False,1,116,114,72.17306239990234,14.037093857478187,9.925833876830941,9.92561463150807,0.0,0.3359819724783301,0.0,1.0,0.6028845975538922,0.880058686334407,-0.27717408878051475,0.7041890439494398,0.723567623841424,2.6623197095755935,10.85027742600772,222.3403863029962,A1: впереди,A1,скалярный
1,False,0.0,population,visual,False,1,116,114,-63.1488412345619,14.472999846459295,10.891476936468138,-9.531183279005468,0.37580653888639065,0.008629834800958634,1.0,0.18197718262672424,0.8666753948464786,0.6213184199056198,0.24535697494085862,0.6937835737716976,0.7193188571984748,2.204244164790096,10.490919855625155,234.37573335699562,A1: впереди,A1,скалярный
2,False,0.0,population,visual,False,1,116,114,-58.35168659502658,14.906700348747975,10.100366860587418,-10.963225098889035,0.2623544205725193,0.0,1.0,0.0,0.8804994244402999,0.6299117378630171,0.2505876865772828,0.7225573482811709,0.7404439914945535,3.155852183636132,11.81880899116867,240.52450549899368,A1: впереди,A1,скалярный
3,False,0.0,population,visual,False,1,116,114,76.25490210415194,13.911652790850383,9.211234684246069,10.425317211716749,0.0,0.32204351529479025,0.0,1.0,0.5860704856170301,0.8835926887103757,-0.29752220309334554,0.7109233141568017,0.7256604495762246,2.557270394504724,10.92179657061178,232.946766448993,A1: впереди,A1,скалярный
4,False,0.0,population,visual,False,1,116,114,-4.185895523315878,16.763252232107547,16.713141510861096,-1.2951935126421614,0.160139778284356,0.09540950695984066,1.0,0.5979204773902893,0.786000795866103,0.7731990423814081,0.012801753484694912,0.0580587467119421,0.027720532859269568,0.530935036121046,9.941097338773156,237.10574008099502,A1: впереди,A1,скалярный
5,False,0.0,population,visual,False,1,116,114,76.67672363629515,14.010139756752203,8.93631576766803,10.790100857001127,0.0,0.3203606893145479,0.0,1.0,0.5905928638818042,0.8880013374836085,-0.29740847360180434,0.7149248471594727,0.7301239684295099,2.7309466437702143,11.549742648783452,233.83068023600208,A1: впереди,A1,скалярный
6,False,0.0,population,visual,False,1,116,114,60.698858403579976,15.093398750943392,12.14023392320874,8.968021305993384,0.018644082399550826,0.3770011169835925,0.18168137967586517,1.0,0.649950246897213,0.8883259344225014,-0.23837568752528815,0.68208277696633,0.7102877208066514,1.5044608560157136,10.294094891372623,236.39913665500353,A1: впереди,A1,скалярный
7,False,0.0,population,visual,False,1,116,114,78.10069865385464,14.436806865686995,10.185174914713095,10.231500595408587,0.007823615167289973,0.41023623049259184,0.09971500933170319,1.0,0.6005341334808664,0.9130989874418353,-0.31256485396096906,0.671949102947808,0.6904104780675884,1.8887524395410815,10.58648732708921,235.71910017098708,A1: впереди,A1,скалярный
0,False,10.0,population,visual,False,1,116,114,-7.923089769917425,14.812432081067632,14.807747822446752,-0.37248970866998327,0.023729711580090226,0.010048789921274875,0.10936295986175537,0.03672727942466736,0.7056534829983551,0.6629754228748959,0.0426780601234591,0.4864286410688417,0.5451843513246918,9.683329611742913,19.861046293922175,232.9393316909991,B1: сбоку слева,B1,скалярный
1,False,10.0,population,visual,False,1,116,114,2.404247769012585,14.226346718180332,14.11033931634666,-1.8130817200120877,0.012862163069657982,0.00905523934867233,0.09339450299739838,0.1911187469959259,0.6639543667054513,0.6585848988774792,0.005369467827971909,0.5048427568905768,0.5841133296962283,10.646371100070319,20.879368528481365,226.90017595099926,B1: сбоку слева,B1,скалярный
2,False,10.0,population,visual,False,1,116,114,18.112270438475576,14.979506593575225,14.882443865688941,-1.7024929872340808,0.005917422329075634,0.025473694036481902,0.14140887558460236,0.0561671182513237,0.6711604329214428,0.7114809666030715,-0.040320533681628704,0.6418679817044344,0.6631694356518705,10.856310258077583,21.361579425925736,234.7107421249966,B1: сбоку слева,B1,скалярный
3,False,10.0,population,visual,False,1,116,114,-8.177397272742525,14.45396060445004,14.450090798888949,-0.3344444032402558,0.02451801157789305,0.00039697786793112754,0.11350280046463013,0.025809723883867264,0.6856804409333941,0.6491242095878453,0.036556231345548786,0.7143674659899981,0.7669112713463523,10.099940647012298,19.976503366980133,239.5455593670049,B1: сбоку слева,B1,скалярный
4,False,10.0,population,visual,False,1,116,114,5.777150312511566,14.43428489769693,14.428366338133142,0.41331019889195186,0.0,0.02002896669713664,0.0,0.04967094585299492,0.6443235724544205,0.684713987373341,-0.040390414918920516,-0.3796652046767331,-0.3158590748095729,10.684104871256647,20.15087167741959,225.5025356670085,B1: сбоку слева,B1,скалярный
5,False,10.0,population,visual,False,1,116,114,2.002207417018724,14.717427502632106,14.653894740413751,1.3660311973399877,0.018188317441381514,0.01936016015635687,0.08039788156747818,0.05943778157234192,0.668255650662165,0.6927483909874035,-0.024492740325238363,0.5128147300421714,0.5871710939796471,9.93054396352119,19.518871956691324,242.60293346599792,B1: сбоку слева,B1,скалярный
6,False,10.0,population,visual,False,1,116,114,-6.1376789590808585,14.479447984831582,14.4793911244385,-0.04057845456571037,0.01590596337802708,0.005545425142918248,0.07990892231464386,0.02769571542739868,0.6823511765954133,0.6579966027914729,0.02435457380394029,0.6904258073194812,0.7177084144035437,10.214431272004898,20.05360593517013,228.48131080099847,B1: сбоку слева,B1,скалярный
7,False,10.0,population,visual,False,1,116,114,9.70517961675813,14.513580965199427,14.415192396652792,1.6870864236555037,0.0005574229871854186,0.03062446166877635,0.016250625252723694,0.1263943910598755,0.6325432036674492,0.7046999259358916,-0.07215672226844236,0.5802913421509308,0.6346137157934358,10.418210778057123,19.11740878531142,231.18054708199634,B1: сбоку слева,B1,скалярный
0,False,2.0,population,visual,False,1,116,114,3.9729605283695832,17.707452698201823,17.440746056227088,3.061741017991938,0.16485179610550404,0.16553855838254095,1.0,0.9793076515197754,0.8215638013985272,0.848380682632931,-0.026816881234403702,0.3974855544167368,0.42778017086144576,0.16342074799818315,10.11739106519202,239.85647383300238,A2: спереди-слева,A2,скалярный
1,False,2.0,population,visual,False,1,116,114,-55.519814998276274,14.641000173237435,11.779155890806086,-8.695422506861117,0.27650548121891916,0.009163045925088226,0.9315574765205383,0.19107428193092346,0.8474030574040712,0.6362341504328923,0.21116890697117907,0.7170107302377791,0.7442098572502377,3.5900249088894944,11.903935461165053,237.94182396800898,A2: спереди-слева,A2,скалярный
2,False,2.0,population,visual,False,1,116,114,-22.389932245268454,16.299082813288063,14.008864757590256,-8.33137496203166,0.16110962960869074,0.03888204359333031,0.577139675617218,0.08889877796173096,0.842511056648016,0.7100748113890141,0.13243624525900188,0.7923906701279466,0.8188489403529189,4.499265436850005,12.7321199315547,230.14859071699902,A2: спереди-слева,A2,скалярный
3,False,2.0,population,visual,False,1,116,114,-66.78717323494733,14.709374518065035,12.607612698738032,-7.577189502138671,0.37388734247535466,0.008954699804307893,1.0,0.182320237159729,0.8833728505122249,0.6317291556953463,0.2516436948168788,0.7077799929952042,0.7299681908294272,2.2813671087391083,10.750607838072288,237.20168406900484,A2: спереди-слева,A2,скалярный
4,False,2.0,population,visual,False,1,116,114,-43.632826819785066,15.409714889798856,13.576928709951101,-7.2887804048272775,0.29337750375270844,0.037388323924387803,1.0,0.09226344525814056,0.8478792458574486,0.6760387812653996,0.171840464592049,0.7168528765756187,0.7381623958453737,3.140792946426334,11.740908744459533,245.2214552880032,A2: спереди-слева,A2,скалярный
5,False,2.0,population,visual,False,1,116,114,-34.521077427377946,15.94099601970579,15.421935050228203,-4.034758159644596,0.27217757716774943,0.030535732787102463,1.0,0.2465265989303589,0.8553262031263301,0.6958154840639595,0.15951071906237077,0.548014020467429,0.5862473054427563,1.1933140865818717,10.143067813816781,244.3247563699988,A2: спереди-слева,A2,скалярный
6,False,2.0,population,visual,False,1,116,114,-75.46280053473718,14.080940332617736,11.342654705357335,-8.3436841314719,0.31899836130440234,0.0,1.0,0.0,0.8816758108979696,0.598987036958305,0.28268877393966463,0.6999428936192861,0.7164460421771479,2.8595504587772727,11.165615789393598,234.79024471101002,A2: спереди-слева,A2,скалярный
7,False,2.0,population,visual,False,1,116,114,-47.166086222099835,15.549209255877091,13.996594551636326,-6.772979362153567,0.3442556223273277,0.040324040803825484,1.0,0.10424165427684784,0.8589799630233464,0.6753091373875639,0.18367082563578244,0.7102424392915504,0.7371189004973758,2.6929823543658826,11.129859540259707,236.44302463599888,A2: спереди-слева,A2,скалярный
0,False,10.0,population,visual,False,1,116,114,-11.90469879846728,15.016327183024936,14.968296528331265,-1.200075459127385,0.036229475624859335,0.012353674957703334,0.13648471236228943,0.042950138449668884,0.7265920374137038,0.6649494283492444,0.06164260906445933,0.5697823090963653,0.631381278132151,9.366154727527373,18.732787466889597,229.61913614200603,B2: сбоку-слева,B2,скалярный
1,False,10.0,population,visual,False,1,116,114,0.8404529733546156,14.498459425504842,14.353559228885338,-2.0446670085592724,0.029110224553733133,0.009055857362691313,0.11267568916082382,0.1911187469959259,0.681372462000157,0.6675215888613876,0.013850873138769275,0.6241200713842417,0.6962797442713252,10.274458434093498,19.614809640063648,219.65095081199252,B2: сбоку-слева,B2,скалярный
2,False,10.0,population,visual,False,1,116,114,17.335402291413573,14.84722806442978,14.751484363677303,-1.6834162483994597,0.006946570347063244,0.025553465774282812,0.1391146183013916,0.05648113787174225,0.6662470674638563,0.7048161129436237,-0.038569045479767146,0.664883696828369,0.7089629075421814,10.551869497724924,19.64068463535612,221.69860873500875,B2: сбоку-слева,B2,скалярный
3,False,10.0,population,visual,False,1,116,114,-10.967131845284541,14.481581423560153,14.445910177715513,-1.0158147786766365,0.0377008993178606,0.000436605061404407,0.1421460509300232,0.025809723883867264,0.6976525453846653,0.6455102570366676,0.05214228834799796,0.8515567919532065,0.8859579382408065,9.711190989780533,18.653846779019233,219.44110608499614,B2: сбоку-слева,B2,скалярный
4,False,10.0,population,visual,False,1,116,114,7.111048229419026,14.5026296108477,14.494221997196288,0.4937553295183295,0.001216759948292747,0.019033181265331222,0.017254699021577835,0.04895927011966705,0.6453725643426531,0.6915501437707868,-0.04617757942813382,-0.2569312114313038,-0.20804857943232605,10.221877941180562,18.451309280043226,233.3727467629942,B2: сбоку-слева,B2,скалярный
5,False,10.0,population,visual,False,1,116,114,-1.2351909362967035,15.091184258244256,15.071482425466385,0.7708824911340886,0.03206852880539372,0.024063967816764488,0.11058839410543442,0.060693930834531784,0.6951170414171597,0.6992748316533985,-0.00415779023623927,0.6444986779641112,0.6936066037685719,9.493391774301154,18.3624378399866,221.29815432299802,B2: сбоку-слева,B2,скалярный
6,False,10.0,population,visual,False,1,116,114,-12.380360007953072,14.69831992013153,14.662061639304302,-1.0317736960092496,0.026567738647572697,0.00788791413360741,0.11801690608263016,0.03159329295158386,0.7101437765913949,0.6565066118367617,0.05363716475463337,0.7679059642022056,0.7872046365798171,9.78885514641512,19.057741440932734,231.510390483003,B2: сбоку-слева,B2,скалярный
7,False,10.0,population,visual,False,1,116,114,8.563622922953783,14.688313280413835,14.618413815764402,1.4312667587315382,0.009423502382123843,0.03167964857653715,0.045804381370544434,0.12639495730400085,0.6437664996945617,0.7087747174141923,-0.06500821771963072,0.5784563894487589,0.6173730112947532,10.019546575476076,17.64405825689955,237.17776388100174,B2: сбоку-слева,B2,скалярный
0,True,,population,visual,False,1,116,114,-8.0107748738032,14.674441314688373,14.67443686609025,-0.011426345188389253,0.016654149601381504,0.008660312966876518,0.0459577813744545,0.03648996725678444,0.6966373911471397,0.6595337714960422,0.037103619651097625,0.018525911537515302,0.12416431172039173,,,225.7532101359975,контроль: пусто,ctrl,скалярный
1,True,,population,visual,False,1,116,114,-3.52253201606581,14.595353468307847,14.42293507351727,-2.2368027919222784,0.036723312865942714,0.009055959368124604,0.0771973729133606,0.1911187469959259,0.6952147156401516,0.6639983054656774,0.031216410174473852,0.608000469467881,0.6633898020042791,,,238.50291870399087,контроль: пусто,ctrl,скалярный
2,True,,population,visual,False,1,116,114,19.184621631535094,14.794512181470948,14.747687000022419,-1.1761457550244554,0.0035182299837470056,0.024906965477275663,0.1026030033826828,0.05250079929828644,0.6589121485211388,0.7054045354220118,-0.046492386900873026,0.6389988656480342,0.6655490836587403,,,235.6298306200042,контроль: пусто,ctrl,скалярный
3,True,,population,visual,False,1,116,114,-9.57881380463752,14.45578379481726,14.453256440547387,-0.270302397837562,0.030619816156104207,0.00039697786793112754,0.061362527310848236,0.025809723883867264,0.6885993146069523,0.6470101450682152,0.041589169538737245,0.2596512585941797,0.34030731807443804,,,224.72443655898678,контроль: пусто,ctrl,скалярный
4,True,,population,visual,False,1,116,114,5.777150312511566,14.43428489769693,14.428366338133142,0.41331019889195186,0.0,0.02002900798266637,0.0,0.04967094585299492,0.6443235724544205,0.684713987373341,-0.040390414918920516,-0.3796672883410158,-0.3158612456186972,,,218.27507625399448,контроль: пусто,ctrl,скалярный
5,True,,population,visual,False,1,116,114,3.2022081369132422,14.650915570269685,14.513436318975067,2.0023719090683807,0.011112171981367283,0.017236129521770636,0.032682664692401886,0.05943778157234192,0.6626588433186498,0.695008216465316,-0.0323493731466662,0.20478260641159607,0.2508157147459398,,,228.85133906100236,контроль: пусто,ctrl,скалярный
6,True,,population,visual,False,1,116,114,-8.347805768455913,14.431710101468477,14.431535879395224,0.0709127249201125,0.009277823769916722,0.00546717680292204,0.03466431051492691,0.027917195111513138,0.683400386878632,0.6536559264863936,0.029744460392238582,-0.11559722278049589,-0.036461834041104965,,,229.56165613500343,контроль: пусто,ctrl,скалярный
7,True,,population,visual,False,1,116,114,8.095208231437567,14.493124350854842,14.42949415622472,1.3565956821463994,0.000543372790561989,0.032258484134217724,0.012421838939189911,0.1263943910598755,0.6351995691158797,0.6992718341700379,-0.0640722650541582,0.5785954966302607,0.61456177932086,,,228.61329959899012,контроль: пусто,ctrl,скалярный
