seed,no_pillar,pillar_y,turn_deg,path_mm,dx_mm,dy_mm,dark_left_mean,dark_right_mean,dark_left_max,dark_right_max,cmd_left_mean,cmd_right_mean,cmd_asym_mean,corr_dark_cmd,corr_dark_cmd_lag1,dist_min_mm,dist_end_mm,elapsed_s,condition
0,True,,1.3597612296715056,15.576185349639784,15.447599351850048,1.9973042610115834,0.02899417289168923,0.007740017708856612,0.08225074410438538,0.056641336530447006,0.7240525011430856,0.7393294150773374,-0.015276913934251705,-0.16574790180708784,-0.04130009007641752,,,45.45872223399999,без столба
1,True,,-92.26000334454001,8.044060701264689,7.696079641625266,-2.3403569632413053,0.0281703957519494,0.008943000817671418,0.11104138195514679,0.19088345766067505,0.7100083595715302,0.39060710187461517,0.31940125769691524,0.3627724154238461,0.38338357065717665,,,50.24864651799999,без столба
2,True,,21.566199273267443,14.740222629645848,14.164661865915786,-4.0787887167386705,0.0066938899329397825,0.016850089395447868,0.10266697406768799,0.08587655425071716,0.6766581432966725,0.7507406264538815,-0.07408248315720888,0.17754213798228347,0.26118343950278083,,,46.22296160600001,без столба
3,True,,-35.82012498109873,13.21137238956891,13.028575793825649,-2.190108033957243,0.021425066511437763,0.002901464527240023,0.09097586572170258,0.036559030413627625,0.7391006375210464,0.6031500988914411,0.13595053862960532,0.08789930441676973,0.17939743102120395,,,44.26084647899995,без столба
4,True,,47.07781755471427,14.25584172229353,12.952294095585401,5.955426170522855,0.0031348797646933236,0.007378522321396304,0.02953963167965412,0.03984985873103142,0.5837085704821122,0.80789773394556,-0.2241891634634478,-0.04268199623215825,0.040641660116195265,,,43.02519155499999,без столба
5,True,,17.26595021422665,12.064290601472408,11.606084266956552,3.293313787825121,0.015395676512271165,0.02251403076108545,0.06298620998859406,0.07578220218420029,0.53436703068919,0.6127325319445442,-0.07836550125535424,0.04659935863876807,0.20476688837225726,,,42.853262348000044,без столба
6,True,,4.772630946253798,14.171571162991459,14.067108397018455,1.7175245483730321,0.017470162038807757,0.009105282798409463,0.08100602775812149,0.04905799403786659,0.6526287796176152,0.6885421014446069,-0.03591332182699185,-0.04097324968236281,0.07388912290069487,,,43.29991979700014,без столба
7,True,,53.77203789276422,15.620842193625057,14.196081326024174,6.517820634463992,0.006487239709531423,0.018221318018622697,0.04296834021806717,0.12035185843706131,0.6589390172333616,0.8934161637859792,-0.23447714655261773,-0.012953639607578995,0.11195127951588196,,,43.794855121999944,без столба
0,False,3.0,-74.87650090114519,15.025570943196557,14.795268231657552,-2.6206526138230313,0.3321219381969422,0.06872375812148675,1.0,0.2724405825138092,0.9327046502752568,0.6595483060514801,0.273156344223777,-0.27881746717546674,-0.23321595937223694,0.9927095696846865,7.277502246834804,44.772814326000116,столб слева
1,False,3.0,173.29932221178234,8.907137174890678,4.8302250654683965,7.483716888634974,0.09134654415247496,0.5305385440960526,0.3426252007484436,1.0,0.3806948554953264,0.9966521430058556,-0.6159572875105291,0.299345304919879,0.37220267996584366,1.7344520873335332,6.0208748405487125,44.00558154300006,столб слева
2,False,3.0,-13.828098267192331,16.35124287423417,13.944871675842268,-8.538366206510808,0.06129669319838285,0.030565627051983027,0.20789095759391785,0.09017536789178848,0.8133539275783044,0.7385499803408803,0.07480394723742405,0.3438597394652139,0.44158229829484896,7.6710366497169264,12.887027346728141,39.275219175000075,столб слева
3,False,3.0,174.92153266907815,6.5593875715533025,-3.77115628510779,5.366930741787147,0.013628733563236892,0.14549713272601367,0.16875243186950684,0.47562652826309204,0.3313261968928602,0.9250867125951281,-0.593760515702268,0.6459054169122534,0.6848683178392981,6.012447697363365,13.224148086341808,38.62318930200013,столб слева
4,False,3.0,-52.116847554459724,14.025798521875071,11.206688415320771,-8.43404760113127,0.12836161188664846,0.045661696087918244,0.4819728136062622,0.1058095395565033,0.8112757446566766,0.6461656352494191,0.16511010940725768,0.8281825809808161,0.8365299194582644,5.302220684219726,12.011778151136125,38.75678546200015,столб слева
5,False,3.0,-133.3891026635952,8.383827773098242,3.858385945268069,-7.4432134207163,0.31661188006401064,0.013612091895192862,0.9655938148498535,0.21705561876296997,0.951482294837707,0.48421135595427317,0.46727093888343363,0.7571061893645614,0.7901284121484562,3.5930662526513366,11.062574779737789,38.57613276699999,столб слева
6,False,3.0,-153.6348484244914,6.05342622905286,2.048252777686248,-5.696369867668856,0.08701019647996873,0.0,0.38899528980255127,0.0,0.8316706843192035,0.29692914744753207,0.5347415368716715,0.5761150719060832,0.6141604970696936,5.838692517851872,11.192183041313989,39.53261778000001,столб слева
7,False,3.0,-73.85219291429753,11.6991730349125,8.547887306945547,-7.9877576508418775,0.3131040162406862,0.06032393340719864,1.0,0.12470592558383942,0.8623105453813793,0.6511727034580693,0.2111378419233098,0.8004558983231416,0.8358662182449541,3.6024349119212844,11.078548787233643,38.816517862999945,столб слева
0,False,-3.0,83.89846720663797,12.91355374095686,7.484365405009392,10.52350439278093,0.053035827388521285,0.09336972792167217,0.10924272239208221,0.34593307971954346,0.5983318392767247,0.8921082386392548,-0.2937763993625299,0.3970050150192358,0.4704061351425779,6.311008292270004,14.300261599965856,38.474206041000116,столб справа
1,False,-3.0,70.98176032871316,12.227891007496265,10.108914007933866,6.879765698874233,0.0,0.03928472327534109,0.0,0.28829020261764526,0.4805996677744785,0.7535501573697992,-0.27295048959532076,0.5434402937146425,0.5759804298813526,6.800703076785864,9.72518343196305,39.04736741199986,столб справа
2,False,-3.0,-138.0362197670367,8.077450095899314,-3.5235072740084354,-7.268431504922743,0.0688016751036048,0.005473587252199649,0.2612411081790924,0.11001180112361908,0.8759521586750513,0.4108906869988087,0.4650614716762428,0.5898789779538216,0.6194134728406696,6.199662813885499,13.822790484411,38.71291070999996,столб справа
3,False,-3.0,31.875447551957308,15.405394743111264,12.234201844050066,9.36218416984638,0.05087570242350921,0.03999587972415611,0.11587142944335938,0.18371139466762543,0.6819058602105017,0.7971520824836966,-0.11524622227319518,0.3906874075169158,0.47215668495640745,7.064760375672501,13.036691922905453,38.56143750000001,столб справа
4,False,-3.0,125.53696089929127,11.247015813571227,3.40174153872868,10.720238766669755,0.0,0.044974730871617796,0.0,0.21246320009231567,0.45550777687441657,0.9114340499589049,-0.45592627308448824,0.38472882521929863,0.47676978205065895,6.843982441076705,14.465220551301087,38.77516387900005,столб справа
5,False,-3.0,47.84995171175939,12.633441734340025,7.375617478052865,10.256905813763007,0.037303593300748616,0.06852669370360673,0.10239972174167633,0.23073770105838776,0.5587078269063454,0.7196392485748625,-0.16093142166851734,0.4179815585846543,0.48088748839903195,7.355525381331935,13.887215547829168,38.56729444599978,столб справа
6,False,-3.0,80.41043153300376,14.405629055169042,8.000721282329687,11.97959128842079,0.04872341897716979,0.08446871038526296,0.10200430452823639,0.2990608513355255,0.614582206835961,0.9114811977544506,-0.2968989909184895,0.3005967895883039,0.3840507379463842,6.593598757925579,15.024881468975712,38.63541064299989,столб справа
7,False,-3.0,157.22533611719132,6.807813208879745,0.8090266949437557,6.759570732958263,0.0,0.09976113490760326,0.0,0.3926005959510803,0.37932135237743936,0.9425232781205588,-0.5632019257431197,0.517670533726931,0.5583926545099074,5.875506490833189,12.823204510522274,38.20512277800026,столб справа
